[{"model": "api.photo", "pk": 91, "fields": {"image": "photos/2025/03/13/fleur_rose_de_bafoussam_unBAvcz.jpg", "uploaded_at": "2025-03-13T12:56:37.892Z", "produit": 91, "service": null, "realisation": null}}, {"model": "api.photo", "pk": 92, "fields": {"image": "photos/2025/03/13/fleur_lys_de_douala_2zKdx98.jpg", "uploaded_at": "2025-03-13T12:56:37.897Z", "produit": 92, "service": null, "realisation": null}}, {"model": "api.photo", "pk": 93, "fields": {"image": "photos/2025/03/13/fleur_hibiscus_rouge_Xb7tXmJ.jpg", "uploaded_at": "2025-03-13T12:56:37.900Z", "produit": 93, "service": null, "realisation": null}}, {"model": "api.photo", "pk": 94, "fields": {"image": "photos/2025/03/13/fleur_orchidÚe_de_buea_JxX7Uum.jpg", "uploaded_at": "2025-03-13T12:56:37.903Z", "produit": 94, "service": null, "realisation": null}}, {"model": "api.photo", "pk": 95, "fields": {"image": "photos/2025/03/13/fleur_bougainvillier_xeY5gjs.jpg", "uploaded_at": "2025-03-13T12:56:37.906Z", "produit": 95, "service": null, "realisation": null}}, {"model": "api.photo", "pk": 96, "fields": {"image": "photos/2025/03/13/fleur_bouquet_mariage_ÚlÚgance_fXA3Tfj.jpg", "uploaded_at": "2025-03-13T12:56:37.910Z", "produit": 96, "service": null, "realisation": null}}, {"model": "api.photo", "pk": 97, "fields": {"image": "photos/2025/03/13/fleur_couronne_funÚraire_paix_5gUVksR.jpg", "uploaded_at": "2025-03-13T12:56:37.912Z", "produit": 97, "service": null, "realisation": null}}, {"model": "api.photo", "pk": 98, "fields": {"image": "photos/2025/03/13/fleur_panier_floral_joie_KQ2dLA3.jpg", "uploaded_at": "2025-03-13T12:56:37.914Z", "produit": 98, "service": null, "realisation": null}}, {"model": "api.photo", "pk": 99, "fields": {"image": "photos/2025/03/13/fleur_rose_Úternelle_6AEXaQF.jpg", "uploaded_at": "2025-03-13T12:56:37.918Z", "produit": 99, "service": null, "realisation": null}}, {"model": "api.photo", "pk": 100, "fields": {"image": "photos/2025/03/13/fleur_composition_tropicale_2gFWHA5.jpg", "uploaded_at": "2025-03-13T12:56:37.922Z", "produit": 100, "service": null, "realisation": null}}, {"model": "api.photo", "pk": 101, "fields": {"image": "photos/2025/03/13/fleur_fleur_de_piment_szJQxs6.jpg", "uploaded_at": "2025-03-13T12:56:37.922Z", "produit": 101, "service": null, "realisation": null}}, {"model": "api.photo", "pk": 102, "fields": {"image": "photos/2025/03/13/fleur_bouquet_anniversaire_DYkYl30.jpg", "uploaded_at": "2025-03-13T12:56:37.922Z", "produit": 102, "service": null, "realisation": null}}, {"model": "api.photo", "pk": 103, "fields": {"image": "photos/2025/03/13/fleur_pot_dorchidÚes_mgrOej7.jpg", "uploaded_at": "2025-03-13T12:56:37.922Z", "produit": 103, "service": null, "realisation": null}}, {"model": "api.photo", "pk": 104, "fields": {"image": "photos/2025/03/13/fleur_guirlande_florale_nNJBe9j.jpg", "uploaded_at": "2025-03-13T12:56:37.922Z", "produit": 104, "service": null, "realisation": null}}, {"model": "api.photo", "pk": 105, "fields": {"image": "photos/2025/03/13/fleur_ficus_dÚcoratif_488GdkP.jpg", "uploaded_at": "2025-03-13T12:56:37.922Z", "produit": 105, "service": null, "realisation": null}}, {"model": "api.photo", "pk": 106, "fields": {"image": "photos/2025/03/13/service_dÚcoration_florale_mariage_3M5mtM3.jpg", "uploaded_at": "2025-03-13T12:56:38.155Z", "produit": null, "service": 16, "realisation": null}}, {"model": "api.photo", "pk": 107, "fields": {"image": "photos/2025/03/13/service_arrangements_funÚraires_aMTX9BV.jpg", "uploaded_at": "2025-03-13T12:56:38.160Z", "produit": null, "service": 17, "realisation": null}}, {"model": "api.photo", "pk": 108, "fields": {"image": "photos/2025/03/13/service_entretien_de_jardins_ohy6NST.jpg", "uploaded_at": "2025-03-13T12:56:38.163Z", "produit": null, "service": 18, "realisation": null}}, {"model": "api.photo", "pk": 109, "fields": {"image": "photos/2025/03/13/service_livraison_express_fleurs_EmhHQvq.jpg", "uploaded_at": "2025-03-13T12:56:38.166Z", "produit": null, "service": 19, "realisation": null}}, {"model": "api.photo", "pk": 110, "fields": {"image": "photos/2025/03/13/service_consultation_florale_vIOSJfG.jpg", "uploaded_at": "2025-03-13T12:56:38.168Z", "produit": null, "service": 20, "realisation": null}}, {"model": "api.photo", "pk": 111, "fields": {"image": "photos/2025/03/13/realisation_mariage_Ó_yaoundÚ_McdUqMX.jpg", "uploaded_at": "2025-03-13T12:56:38.172Z", "produit": null, "service": null, "realisation": 16}}, {"model": "api.photo", "pk": 112, "fields": {"image": "photos/2025/03/13/realisation_couronne_funÚraire_douala_4Ps4vaa.jpg", "uploaded_at": "2025-03-13T12:56:38.175Z", "produit": null, "service": null, "realisation": 17}}, {"model": "api.photo", "pk": 113, "fields": {"image": "photos/2025/03/13/realisation_jardin_bamilÚkÚ_t2MmVAV.jpg", "uploaded_at": "2025-03-13T12:56:38.178Z", "produit": null, "service": null, "realisation": 18}}, {"model": "api.photo", "pk": 114, "fields": {"image": "photos/2025/03/13/realisation_livraison_kribi_V81Puvl.jpg", "uploaded_at": "2025-03-13T12:56:38.180Z", "produit": null, "service": null, "realisation": 19}}, {"model": "api.photo", "pk": 115, "fields": {"image": "photos/2025/03/13/realisation_bouquet_sur_mesure_yN5AGHv.jpg", "uploaded_at": "2025-03-13T12:56:38.183Z", "produit": null, "service": null, "realisation": 20}}, {"model": "api.categorie", "pk": 31, "fields": {"nom": "Fleurs dÚcoratives", "description": "CatÚgorie pour fleurs dÚcoratives floraux camerounais", "is_active": true, "date_creation": "2025-03-13T12:56:37.878Z"}}, {"model": "api.categorie", "pk": 32, "fields": {"nom": "Arrangements", "description": "CatÚgorie pour arrangements floraux camerounais", "is_active": true, "date_creation": "2025-03-13T12:56:37.878Z"}}, {"model": "api.categorie", "pk": 33, "fields": {"nom": "Fleurs stabilisÚes", "description": "CatÚgorie pour fleurs stabilisÚes floraux camerounais", "is_active": true, "date_creation": "2025-03-13T12:56:37.878Z"}}, {"model": "api.categorie", "pk": 34, "fields": {"nom": "Plantes en pot", "description": "CatÚgorie pour plantes en pot floraux camerounais", "is_active": true, "date_creation": "2025-03-13T12:56:37.878Z"}}, {"model": "api.categorie", "pk": 35, "fields": {"nom": "Fleurs fra¯ches", "description": "CatÚgorie pour fleurs fra¯ches floraux camerounais", "is_active": true, "date_creation": "2025-03-13T12:56:37.878Z"}}, {"model": "api.produit", "pk": 91, "fields": {"nom": "Rose de Bafoussam", "description": "Roses rouges cultivÚes Ó Bafoussam", "prix": "1500.00", "stock": 57, "categorie": 35, "is_active": true, "date_creation": "2025-03-13T12:56:37.878Z", "date_mise_a_jour": "2025-03-19T16:18:28.672Z"}}, {"model": "api.produit", "pk": 92, "fields": {"nom": "Lys de Douala", "description": "Lys blancs parfumÚs de Douala", "prix": "2000.00", "stock": 52, "categorie": 35, "is_active": true, "date_creation": "2025-03-13T12:56:37.894Z", "date_mise_a_jour": "2025-03-13T12:56:37.991Z"}}, {"model": "api.produit", "pk": 93, "fields": {"nom": "Hibiscus rouge", "description": "Fleurs dÆhibiscus du Nord", "prix": "1000.00", "stock": 85, "categorie": 35, "is_active": true, "date_creation": "2025-03-13T12:56:37.897Z", "date_mise_a_jour": "2025-03-13T12:56:37.991Z"}}, {"model": "api.produit", "pk": 94, "fields": {"nom": "OrchidÚe de Buea", "description": "OrchidÚes exotiques de Buea", "prix": "3000.00", "stock": 21, "categorie": 35, "is_active": true, "date_creation": "2025-03-13T12:56:37.900Z", "date_mise_a_jour": "2025-03-13T12:56:37.991Z"}}, {"model": "api.produit", "pk": 95, "fields": {"nom": "Bougainvillier", "description": "Fleurs colorÚes de Kribi", "prix": "1200.00", "stock": 81, "categorie": 35, "is_active": true, "date_creation": "2025-03-13T12:56:37.903Z", "date_mise_a_jour": "2025-03-13T12:56:37.974Z"}}, {"model": "api.produit", "pk": 96, "fields": {"nom": "Bouquet Mariage ╔lÚgance", "description": "Bouquet de roses et lys pour mariages", "prix": "25000.00", "stock": 4, "categorie": 32, "is_active": true, "date_creation": "2025-03-13T12:56:37.906Z", "date_mise_a_jour": "2025-03-20T07:44:33.571Z"}}, {"model": "api.produit", "pk": 97, "fields": {"nom": "Couronne FunÚraire Paix", "description": "Couronne de lys et orchidÚes", "prix": "35000.00", "stock": 6, "categorie": 32, "is_active": true, "date_creation": "2025-03-13T12:56:37.910Z", "date_mise_a_jour": "2025-03-13T12:56:37.991Z"}}, {"model": "api.produit", "pk": 98, "fields": {"nom": "Panier Floral Joie", "description": "Panier de fleurs variÚes", "prix": "15000.00", "stock": 26, "categorie": 32, "is_active": true, "date_creation": "2025-03-13T12:56:37.912Z", "date_mise_a_jour": "2025-03-13T12:56:37.991Z"}}, {"model": "api.produit", "pk": 99, "fields": {"nom": "Rose Úternelle", "description": "Rose rouge stabilisÚe", "prix": "5000.00", "stock": 29, "categorie": 33, "is_active": true, "date_creation": "2025-03-13T12:56:37.914Z", "date_mise_a_jour": "2025-03-13T12:56:37.977Z"}}, {"model": "api.produit", "pk": 100, "fields": {"nom": "Composition Tropicale", "description": "Arrangement avec hibiscus et orchidÚes", "prix": "20000.00", "stock": 14, "categorie": 32, "is_active": true, "date_creation": "2025-03-13T12:56:37.918Z", "date_mise_a_jour": "2025-03-13T12:56:37.991Z"}}, {"model": "api.produit", "pk": 101, "fields": {"nom": "Fleur de piment", "description": "Petites fleurs rouges dÚcoratives", "prix": "800.00", "stock": 107, "categorie": 31, "is_active": true, "date_creation": "2025-03-13T12:56:37.922Z", "date_mise_a_jour": "2025-03-13T12:56:37.991Z"}}, {"model": "api.produit", "pk": 102, "fields": {"nom": "Bouquet Anniversaire", "description": "Bouquet festif multicolore", "prix": "18000.00", "stock": 12, "categorie": 32, "is_active": true, "date_creation": "2025-03-13T12:56:37.922Z", "date_mise_a_jour": "2025-03-13T12:56:37.991Z"}}, {"model": "api.produit", "pk": 103, "fields": {"nom": "Pot dÆorchidÚes", "description": "OrchidÚe en pot pour dÚcoration", "prix": "10000.00", "stock": 32, "categorie": 34, "is_active": true, "date_creation": "2025-03-13T12:56:37.922Z", "date_mise_a_jour": "2025-03-13T12:56:37.977Z"}}, {"model": "api.produit", "pk": 104, "fields": {"nom": "Guirlande florale", "description": "Guirlande pour ÚvÚnements", "prix": "30000.00", "stock": 6, "categorie": 32, "is_active": true, "date_creation": "2025-03-13T12:56:37.922Z", "date_mise_a_jour": "2025-03-13T12:56:37.973Z"}}, {"model": "api.produit", "pk": 105, "fields": {"nom": "Ficus dÚcoratif", "description": "Plante verte pour intÚrieur", "prix": "15000.00", "stock": 19, "categorie": 34, "is_active": true, "date_creation": "2025-03-13T12:56:37.922Z", "date_mise_a_jour": "2025-03-13T12:56:37.991Z"}}, {"model": "api.promotion", "pk": 31, "fields": {"nom": "Promo Saint-Valentin", "description": "Promotion Promo Saint-Valentin chez ChezFlora", "reduction": 0.3, "date_debut": "2025-02-01T00:00:00Z", "date_fin": "2025-04-14T00:00:00Z", "categorie": 31, "is_active": true, "date_creation": "2025-03-13T12:56:37.939Z", "produits": [92, 93, 101]}}, {"model": "api.promotion", "pk": 32, "fields": {"nom": "Soldes FÛte des MÞres", "description": "Promotion Soldes FÛte des MÞres chez ChezFlora", "reduction": 0.25, "date_debut": "2025-05-01T00:00:00Z", "date_fin": "2025-05-15T00:00:00Z", "categorie": null, "is_active": true, "date_creation": "2025-03-13T12:56:37.941Z", "produits": [97, 104]}}, {"model": "api.promotion", "pk": 33, "fields": {"nom": "Remise Bouquets", "description": "Promotion Remise Bouquets chez ChezFlora", "reduction": 0.15, "date_debut": "2025-06-01T00:00:00Z", "date_fin": "2025-06-15T00:00:00Z", "categorie": null, "is_active": true, "date_creation": "2025-03-13T12:56:37.942Z", "produits": [97, 100, 103]}}, {"model": "api.promotion", "pk": 34, "fields": {"nom": "Offre OrchidÚes", "description": "Promotion Offre OrchidÚes chez ChezFlora", "reduction": 0.3, "date_debut": "2025-07-01T00:00:00Z", "date_fin": "2025-07-20T00:00:00Z", "categorie": null, "is_active": true, "date_creation": "2025-03-13T12:56:37.943Z", "produits": [92, 94, 97, 98, 104]}}, {"model": "api.promotion", "pk": 39, "fields": {"nom": "test", "description": null, "reduction": 0.9, "date_debut": "1111-11-11T00:00:00Z", "date_fin": "1112-11-11T00:00:00Z", "categorie": null, "is_active": true, "date_creation": "2025-03-21T14:08:26.799Z", "produits": [103, 105]}}, {"model": "api.panierproduit", "pk": 295, "fields": {"panier": 109, "produit": 101, "quantite": 2, "date_ajout": "2025-03-13T12:56:37.946Z"}}, {"model": "api.panierproduit", "pk": 296, "fields": {"panier": 109, "produit": 94, "quantite": 3, "date_ajout": "2025-03-13T12:56:37.947Z"}}, {"model": "api.panierproduit", "pk": 297, "fields": {"panier": 110, "produit": 94, "quantite": 3, "date_ajout": "2025-03-13T12:56:37.948Z"}}, {"model": "api.panierproduit", "pk": 298, "fields": {"panier": 110, "produit": 102, "quantite": 2, "date_ajout": "2025-03-13T12:56:37.949Z"}}, {"model": "api.panierproduit", "pk": 299, "fields": {"panier": 110, "produit": 101, "quantite": 3, "date_ajout": "2025-03-13T12:56:37.950Z"}}, {"model": "api.panierproduit", "pk": 300, "fields": {"panier": 110, "produit": 99, "quantite": 2, "date_ajout": "2025-03-13T12:56:37.950Z"}}, {"model": "api.panierproduit", "pk": 301, "fields": {"panier": 110, "produit": 96, "quantite": 3, "date_ajout": "2025-03-13T12:56:37.951Z"}}, {"model": "api.panierproduit", "pk": 302, "fields": {"panier": 111, "produit": 105, "quantite": 2, "date_ajout": "2025-03-13T12:56:37.952Z"}}, {"model": "api.panierproduit", "pk": 303, "fields": {"panier": 111, "produit": 102, "quantite": 1, "date_ajout": "2025-03-13T12:56:37.952Z"}}, {"model": "api.panierproduit", "pk": 304, "fields": {"panier": 112, "produit": 101, "quantite": 1, "date_ajout": "2025-03-13T12:56:37.953Z"}}, {"model": "api.panierproduit", "pk": 305, "fields": {"panier": 113, "produit": 100, "quantite": 1, "date_ajout": "2025-03-13T12:56:37.954Z"}}, {"model": "api.panierproduit", "pk": 306, "fields": {"panier": 114, "produit": 101, "quantite": 2, "date_ajout": "2025-03-13T12:56:37.955Z"}}, {"model": "api.panierproduit", "pk": 307, "fields": {"panier": 114, "produit": 103, "quantite": 3, "date_ajout": "2025-03-13T12:56:37.955Z"}}, {"model": "api.panierproduit", "pk": 308, "fields": {"panier": 114, "produit": 92, "quantite": 1, "date_ajout": "2025-03-13T12:56:37.957Z"}}, {"model": "api.panierproduit", "pk": 309, "fields": {"panier": 114, "produit": 100, "quantite": 2, "date_ajout": "2025-03-13T12:56:37.957Z"}}, {"model": "api.panierproduit", "pk": 310, "fields": {"panier": 115, "produit": 103, "quantite": 2, "date_ajout": "2025-03-13T12:56:37.958Z"}}, {"model": "api.panierproduit", "pk": 311, "fields": {"panier": 116, "produit": 91, "quantite": 2, "date_ajout": "2025-03-13T12:56:37.959Z"}}, {"model": "api.panierproduit", "pk": 312, "fields": {"panier": 116, "produit": 93, "quantite": 3, "date_ajout": "2025-03-13T12:56:37.959Z"}}, {"model": "api.panierproduit", "pk": 313, "fields": {"panier": 116, "produit": 95, "quantite": 3, "date_ajout": "2025-03-13T12:56:37.959Z"}}, {"model": "api.panierproduit", "pk": 314, "fields": {"panier": 117, "produit": 104, "quantite": 1, "date_ajout": "2025-03-13T12:56:37.959Z"}}, {"model": "api.panierproduit", "pk": 315, "fields": {"panier": 118, "produit": 93, "quantite": 3, "date_ajout": "2025-03-13T12:56:37.959Z"}}, {"model": "api.panierproduit", "pk": 316, "fields": {"panier": 118, "produit": 104, "quantite": 1, "date_ajout": "2025-03-13T12:56:37.959Z"}}, {"model": "api.panierproduit", "pk": 317, "fields": {"panier": 118, "produit": 99, "quantite": 3, "date_ajout": "2025-03-13T12:56:37.959Z"}}, {"model": "api.panierproduit", "pk": 318, "fields": {"panier": 119, "produit": 96, "quantite": 2, "date_ajout": "2025-03-13T12:56:37.959Z"}}, {"model": "api.panierproduit", "pk": 319, "fields": {"panier": 119, "produit": 100, "quantite": 2, "date_ajout": "2025-03-13T12:56:37.959Z"}}, {"model": "api.panierproduit", "pk": 320, "fields": {"panier": 119, "produit": 101, "quantite": 2, "date_ajout": "2025-03-13T12:56:37.959Z"}}, {"model": "api.panierproduit", "pk": 321, "fields": {"panier": 119, "produit": 94, "quantite": 2, "date_ajout": "2025-03-13T12:56:37.959Z"}}, {"model": "api.panierproduit", "pk": 322, "fields": {"panier": 120, "produit": 102, "quantite": 1, "date_ajout": "2025-03-13T12:56:37.959Z"}}, {"model": "api.panierproduit", "pk": 323, "fields": {"panier": 121, "produit": 100, "quantite": 3, "date_ajout": "2025-03-13T12:56:37.959Z"}}, {"model": "api.panierproduit", "pk": 324, "fields": {"panier": 121, "produit": 105, "quantite": 2, "date_ajout": "2025-03-13T12:56:37.959Z"}}, {"model": "api.panierproduit", "pk": 325, "fields": {"panier": 121, "produit": 93, "quantite": 1, "date_ajout": "2025-03-13T12:56:37.959Z"}}, {"model": "api.panierproduit", "pk": 326, "fields": {"panier": 121, "produit": 97, "quantite": 1, "date_ajout": "2025-03-13T12:56:37.959Z"}}, {"model": "api.panierproduit", "pk": 327, "fields": {"panier": 121, "produit": 99, "quantite": 3, "date_ajout": "2025-03-13T12:56:37.959Z"}}, {"model": "api.panierproduit", "pk": 328, "fields": {"panier": 122, "produit": 102, "quantite": 2, "date_ajout": "2025-03-13T12:56:37.959Z"}}, {"model": "api.panierproduit", "pk": 329, "fields": {"panier": 123, "produit": 99, "quantite": 3, "date_ajout": "2025-03-13T12:56:37.959Z"}}, {"model": "api.panierproduit", "pk": 330, "fields": {"panier": 123, "produit": 95, "quantite": 1, "date_ajout": "2025-03-13T12:56:37.959Z"}}, {"model": "api.panierproduit", "pk": 331, "fields": {"panier": 123, "produit": 102, "quantite": 3, "date_ajout": "2025-03-13T12:56:37.959Z"}}, {"model": "api.panierproduit", "pk": 332, "fields": {"panier": 124, "produit": 95, "quantite": 2, "date_ajout": "2025-03-13T12:56:37.959Z"}}, {"model": "api.panierproduit", "pk": 333, "fields": {"panier": 124, "produit": 91, "quantite": 3, "date_ajout": "2025-03-13T12:56:37.959Z"}}, {"model": "api.panierproduit", "pk": 334, "fields": {"panier": 124, "produit": 92, "quantite": 2, "date_ajout": "2025-03-13T12:56:37.971Z"}}, {"model": "api.panierproduit", "pk": 335, "fields": {"panier": 124, "produit": 93, "quantite": 1, "date_ajout": "2025-03-13T12:56:37.972Z"}}, {"model": "api.panierproduit", "pk": 336, "fields": {"panier": 124, "produit": 99, "quantite": 3, "date_ajout": "2025-03-13T12:56:37.972Z"}}, {"model": "api.panierproduit", "pk": 337, "fields": {"panier": 125, "produit": 104, "quantite": 2, "date_ajout": "2025-03-13T12:56:37.973Z"}}, {"model": "api.panierproduit", "pk": 338, "fields": {"panier": 125, "produit": 102, "quantite": 2, "date_ajout": "2025-03-13T12:56:37.973Z"}}, {"model": "api.panierproduit", "pk": 339, "fields": {"panier": 125, "produit": 95, "quantite": 3, "date_ajout": "2025-03-13T12:56:37.974Z"}}, {"model": "api.panierproduit", "pk": 340, "fields": {"panier": 126, "produit": 93, "quantite": 1, "date_ajout": "2025-03-13T12:56:37.974Z"}}, {"model": "api.panierproduit", "pk": 341, "fields": {"panier": 126, "produit": 97, "quantite": 1, "date_ajout": "2025-03-13T12:56:37.975Z"}}, {"model": "api.panierproduit", "pk": 342, "fields": {"panier": 126, "produit": 99, "quantite": 2, "date_ajout": "2025-03-13T12:56:37.975Z"}}, {"model": "api.panierproduit", "pk": 343, "fields": {"panier": 126, "produit": 94, "quantite": 3, "date_ajout": "2025-03-13T12:56:37.976Z"}}, {"model": "api.panierproduit", "pk": 344, "fields": {"panier": 126, "produit": 100, "quantite": 2, "date_ajout": "2025-03-13T12:56:37.976Z"}}, {"model": "api.panierproduit", "pk": 345, "fields": {"panier": 127, "produit": 96, "quantite": 1, "date_ajout": "2025-03-13T12:56:37.977Z"}}, {"model": "api.panierproduit", "pk": 346, "fields": {"panier": 127, "produit": 102, "quantite": 4, "date_ajout": "2025-03-13T12:56:37.977Z"}}, {"model": "api.panierproduit", "pk": 347, "fields": {"panier": 127, "produit": 98, "quantite": 1, "date_ajout": "2025-03-13T12:56:37.977Z"}}, {"model": "api.panierproduit", "pk": 348, "fields": {"panier": 127, "produit": 91, "quantite": 3, "date_ajout": "2025-03-13T12:56:37.977Z"}}, {"model": "api.panierproduit", "pk": 349, "fields": {"panier": 128, "produit": 91, "quantite": 4, "date_ajout": "2025-03-13T12:56:37.977Z"}}, {"model": "api.panierproduit", "pk": 350, "fields": {"panier": 128, "produit": 103, "quantite": 3, "date_ajout": "2025-03-13T12:56:37.977Z"}}, {"model": "api.panierproduit", "pk": 351, "fields": {"panier": 128, "produit": 93, "quantite": 2, "date_ajout": "2025-03-13T12:56:37.977Z"}}, {"model": "api.panierproduit", "pk": 352, "fields": {"panier": 128, "produit": 99, "quantite": 3, "date_ajout": "2025-03-13T12:56:37.977Z"}}, {"model": "api.panierproduit", "pk": 353, "fields": {"panier": 129, "produit": 105, "quantite": 2, "date_ajout": "2025-03-13T12:56:37.977Z"}}, {"model": "api.panierproduit", "pk": 354, "fields": {"panier": 130, "produit": 96, "quantite": 2, "date_ajout": "2025-03-13T12:56:37.977Z"}}, {"model": "api.panierproduit", "pk": 355, "fields": {"panier": 130, "produit": 93, "quantite": 1, "date_ajout": "2025-03-13T12:56:37.977Z"}}, {"model": "api.panierproduit", "pk": 356, "fields": {"panier": 131, "produit": 96, "quantite": 3, "date_ajout": "2025-03-13T12:56:37.977Z"}}, {"model": "api.panierproduit", "pk": 357, "fields": {"panier": 131, "produit": 99, "quantite": 2, "date_ajout": "2025-03-13T12:56:37.977Z"}}, {"model": "api.panierproduit", "pk": 358, "fields": {"panier": 132, "produit": 94, "quantite": 1, "date_ajout": "2025-03-13T12:56:37.977Z"}}, {"model": "api.panierproduit", "pk": 359, "fields": {"panier": 132, "produit": 102, "quantite": 3, "date_ajout": "2025-03-13T12:56:37.977Z"}}, {"model": "api.panierproduit", "pk": 360, "fields": {"panier": 132, "produit": 97, "quantite": 2, "date_ajout": "2025-03-13T12:56:37.988Z"}}, {"model": "api.panierproduit", "pk": 361, "fields": {"panier": 133, "produit": 94, "quantite": 4, "date_ajout": "2025-03-13T12:56:37.989Z"}}, {"model": "api.panierproduit", "pk": 362, "fields": {"panier": 133, "produit": 102, "quantite": 2, "date_ajout": "2025-03-13T12:56:37.990Z"}}, {"model": "api.panierproduit", "pk": 363, "fields": {"panier": 134, "produit": 97, "quantite": 2, "date_ajout": "2025-03-13T12:56:37.991Z"}}, {"model": "api.panierproduit", "pk": 364, "fields": {"panier": 134, "produit": 102, "quantite": 3, "date_ajout": "2025-03-13T12:56:37.991Z"}}, {"model": "api.panierproduit", "pk": 365, "fields": {"panier": 134, "produit": 105, "quantite": 2, "date_ajout": "2025-03-13T12:56:37.991Z"}}, {"model": "api.panierproduit", "pk": 366, "fields": {"panier": 134, "produit": 92, "quantite": 2, "date_ajout": "2025-03-13T12:56:37.991Z"}}, {"model": "api.panierproduit", "pk": 367, "fields": {"panier": 135, "produit": 97, "quantite": 1, "date_ajout": "2025-03-13T12:56:37.991Z"}}, {"model": "api.panierproduit", "pk": 368, "fields": {"panier": 135, "produit": 93, "quantite": 3, "date_ajout": "2025-03-13T12:56:37.991Z"}}, {"model": "api.panierproduit", "pk": 369, "fields": {"panier": 135, "produit": 105, "quantite": 3, "date_ajout": "2025-03-13T12:56:37.991Z"}}, {"model": "api.panierproduit", "pk": 370, "fields": {"panier": 135, "produit": 92, "quantite": 3, "date_ajout": "2025-03-13T12:56:37.991Z"}}, {"model": "api.panierproduit", "pk": 371, "fields": {"panier": 136, "produit": 98, "quantite": 3, "date_ajout": "2025-03-13T12:56:37.991Z"}}, {"model": "api.panierproduit", "pk": 372, "fields": {"panier": 136, "produit": 94, "quantite": 3, "date_ajout": "2025-03-13T12:56:37.991Z"}}, {"model": "api.panierproduit", "pk": 373, "fields": {"panier": 137, "produit": 100, "quantite": 1, "date_ajout": "2025-03-13T12:56:37.991Z"}}, {"model": "api.panierproduit", "pk": 374, "fields": {"panier": 137, "produit": 101, "quantite": 3, "date_ajout": "2025-03-13T12:56:37.991Z"}}, {"model": "api.panierproduit", "pk": 375, "fields": {"panier": 137, "produit": 97, "quantite": 2, "date_ajout": "2025-03-13T12:56:37.991Z"}}, {"model": "api.service", "pk": 16, "fields": {"nom": "DÚcoration florale mariage", "description": "DÚcoration complÞte avec fleurs locales", "is_active": true, "date_creation": "2025-03-13T12:56:38.154Z"}}, {"model": "api.service", "pk": 17, "fields": {"nom": "Arrangements funÚraires", "description": "Confection de couronnes et bouquets", "is_active": true, "date_creation": "2025-03-13T12:56:38.155Z"}}, {"model": "api.service", "pk": 18, "fields": {"nom": "Entretien de jardins", "description": "Service dÆentretien floral mensuel", "is_active": true, "date_creation": "2025-03-13T12:56:38.161Z"}}, {"model": "api.service", "pk": 19, "fields": {"nom": "Livraison express fleurs", "description": "Livraison rapide Ó domicile", "is_active": true, "date_creation": "2025-03-13T12:56:38.163Z"}}, {"model": "api.service", "pk": 20, "fields": {"nom": "Consultation florale", "description": "Conseils pour compositions personnalisÚes", "is_active": true, "date_creation": "2025-03-13T12:56:38.166Z"}}, {"model": "api.atelier", "pk": 2, "fields": {"nom": "Confection de bouquets", "description": "Apprendre Ó faire des bouquets", "date": "2025-04-01T00:00:00Z", "duree": 3, "prix": "12000.00", "places_disponibles": 0, "places_totales": 6, "is_active": true}}, {"model": "api.atelier", "pk": 3, "fields": {"nom": "Couronnes florales", "description": "CrÚation de couronnes dÚcoratives", "date": "2025-04-10T00:00:00Z", "duree": 2, "prix": "15000.00", "places_disponibles": 3, "places_totales": 10, "is_active": true}}, {"model": "api.atelier", "pk": 4, "fields": {"nom": "Art floral tropical", "description": "Techniques avec fleurs locales", "date": "2025-04-15T00:00:00Z", "duree": 4, "prix": "18000.00", "places_disponibles": 9, "places_totales": 12, "is_active": true}}, {"model": "api.atelier", "pk": 5, "fields": {"nom": "Entretien des plantes", "description": "Conseils pour plantes en pot", "date": "2025-04-20T00:00:00Z", "duree": 3, "prix": "10000.00", "places_disponibles": 15, "places_totales": 20, "is_active": true}}, {"model": "api.atelier", "pk": 6, "fields": {"nom": "Fleurs stabilisÚes", "description": "CrÚer des roses Úternelles", "date": "2025-04-25T00:00:00Z", "duree": 2, "prix": "20000.00", "places_disponibles": 3, "places_totales": 8, "is_active": true}}, {"model": "api.parametre", "pk": 1, "fields": {"cle": "site_name", "valeur": "ChezFlora", "description": "Nom du site", "date_mise_a_jour": "2025-03-13T12:56:38.245Z"}}, {"model": "api.parametre", "pk": 2, "fields": {"cle": "contact_email", "valeur": "contact@chezflora.cm", "description": "Email de contact", "date_mise_a_jour": "2025-03-13T12:56:38.247Z"}}, {"model": "api.parametre", "pk": 3, "fields": {"cle": "contact_phone", "valeur": "+237690123456", "description": "TÚlÚphone de contact", "date_mise_a_jour": "2025-03-13T12:56:38.247Z"}}, {"model": "api.parametre", "pk": 4, "fields": {"cle": "SEUIL_STOCK_FAIBLE", "valeur": "5", "description": "Seuil pour alerte de stock faible", "date_mise_a_jour": "2025-03-13T12:56:38.247Z"}}, {"model": "api.parametre", "pk": 5, "fields": {"cle": "primary_color", "valeur": "#FF6F61", "description": "Couleur principale du site", "date_mise_a_jour": "2025-03-13T12:56:38.247Z"}}, {"model": "api.lignecommande", "pk": 315, "fields": {"commande": 118, "produit": 105, "quantite": 2, "prix_unitaire": "15000.00", "date_creation": "2025-03-13T12:56:37.991Z"}}, {"model": "api.lignecommande", "pk": 316, "fields": {"commande": 118, "produit": 94, "quantite": 1, "prix_unitaire": "3000.00", "date_creation": "2025-03-13T12:56:37.991Z"}}, {"model": "api.lignecommande", "pk": 317, "fields": {"commande": 119, "produit": 103, "quantite": 3, "prix_unitaire": "10000.00", "date_creation": "2025-03-13T12:56:38.005Z"}}, {"model": "api.lignecommande", "pk": 318, "fields": {"commande": 119, "produit": 93, "quantite": 5, "prix_unitaire": "1000.00", "date_creation": "2025-03-13T12:56:38.005Z"}}, {"model": "api.lignecommande", "pk": 319, "fields": {"commande": 119, "produit": 103, "quantite": 5, "prix_unitaire": "10000.00", "date_creation": "2025-03-13T12:56:38.005Z"}}, {"model": "api.lignecommande", "pk": 320, "fields": {"commande": 120, "produit": 93, "quantite": 2, "prix_unitaire": "1000.00", "date_creation": "2025-03-13T12:56:38.005Z"}}, {"model": "api.lignecommande", "pk": 321, "fields": {"commande": 120, "produit": 94, "quantite": 4, "prix_unitaire": "3000.00", "date_creation": "2025-03-13T12:56:38.005Z"}}, {"model": "api.lignecommande", "pk": 322, "fields": {"commande": 120, "produit": 105, "quantite": 4, "prix_unitaire": "15000.00", "date_creation": "2025-03-13T12:56:38.005Z"}}, {"model": "api.lignecommande", "pk": 323, "fields": {"commande": 121, "produit": 102, "quantite": 2, "prix_unitaire": "18000.00", "date_creation": "2025-03-13T12:56:38.005Z"}}, {"model": "api.lignecommande", "pk": 324, "fields": {"commande": 122, "produit": 102, "quantite": 2, "prix_unitaire": "18000.00", "date_creation": "2025-03-13T12:56:38.005Z"}}, {"model": "api.lignecommande", "pk": 325, "fields": {"commande": 122, "produit": 94, "quantite": 5, "prix_unitaire": "3000.00", "date_creation": "2025-03-13T12:56:38.005Z"}}, {"model": "api.lignecommande", "pk": 326, "fields": {"commande": 123, "produit": 102, "quantite": 5, "prix_unitaire": "18000.00", "date_creation": "2025-03-13T12:56:38.005Z"}}, {"model": "api.lignecommande", "pk": 327, "fields": {"commande": 123, "produit": 95, "quantite": 4, "prix_unitaire": "1200.00", "date_creation": "2025-03-13T12:56:38.005Z"}}, {"model": "api.lignecommande", "pk": 328, "fields": {"commande": 124, "produit": 104, "quantite": 4, "prix_unitaire": "30000.00", "date_creation": "2025-03-13T12:56:38.022Z"}}, {"model": "api.lignecommande", "pk": 329, "fields": {"commande": 124, "produit": 95, "quantite": 4, "prix_unitaire": "1200.00", "date_creation": "2025-03-13T12:56:38.023Z"}}, {"model": "api.lignecommande", "pk": 330, "fields": {"commande": 124, "produit": 96, "quantite": 1, "prix_unitaire": "25000.00", "date_creation": "2025-03-13T12:56:38.023Z"}}, {"model": "api.lignecommande", "pk": 331, "fields": {"commande": 125, "produit": 96, "quantite": 3, "prix_unitaire": "25000.00", "date_creation": "2025-03-13T12:56:38.027Z"}}, {"model": "api.lignecommande", "pk": 332, "fields": {"commande": 125, "produit": 91, "quantite": 2, "prix_unitaire": "1500.00", "date_creation": "2025-03-13T12:56:38.028Z"}}, {"model": "api.lignecommande", "pk": 333, "fields": {"commande": 125, "produit": 101, "quantite": 2, "prix_unitaire": "800.00", "date_creation": "2025-03-13T12:56:38.028Z"}}, {"model": "api.lignecommande", "pk": 334, "fields": {"commande": 125, "produit": 99, "quantite": 3, "prix_unitaire": "5000.00", "date_creation": "2025-03-13T12:56:38.028Z"}}, {"model": "api.lignecommande", "pk": 335, "fields": {"commande": 126, "produit": 99, "quantite": 5, "prix_unitaire": "5000.00", "date_creation": "2025-03-13T12:56:38.028Z"}}, {"model": "api.lignecommande", "pk": 336, "fields": {"commande": 127, "produit": 97, "quantite": 4, "prix_unitaire": "35000.00", "date_creation": "2025-03-13T12:56:38.028Z"}}, {"model": "api.lignecommande", "pk": 337, "fields": {"commande": 127, "produit": 97, "quantite": 4, "prix_unitaire": "35000.00", "date_creation": "2025-03-13T12:56:38.028Z"}}, {"model": "api.lignecommande", "pk": 338, "fields": {"commande": 127, "produit": 95, "quantite": 5, "prix_unitaire": "1200.00", "date_creation": "2025-03-13T12:56:38.028Z"}}, {"model": "api.lignecommande", "pk": 339, "fields": {"commande": 128, "produit": 98, "quantite": 3, "prix_unitaire": "15000.00", "date_creation": "2025-03-13T12:56:38.028Z"}}, {"model": "api.lignecommande", "pk": 340, "fields": {"commande": 128, "produit": 104, "quantite": 5, "prix_unitaire": "30000.00", "date_creation": "2025-03-13T12:56:38.028Z"}}, {"model": "api.lignecommande", "pk": 341, "fields": {"commande": 128, "produit": 94, "quantite": 2, "prix_unitaire": "3000.00", "date_creation": "2025-03-13T12:56:38.039Z"}}, {"model": "api.lignecommande", "pk": 342, "fields": {"commande": 129, "produit": 105, "quantite": 4, "prix_unitaire": "15000.00", "date_creation": "2025-03-13T12:56:38.040Z"}}, {"model": "api.lignecommande", "pk": 343, "fields": {"commande": 129, "produit": 97, "quantite": 1, "prix_unitaire": "35000.00", "date_creation": "2025-03-13T12:56:38.040Z"}}, {"model": "api.lignecommande", "pk": 344, "fields": {"commande": 129, "produit": 104, "quantite": 5, "prix_unitaire": "30000.00", "date_creation": "2025-03-13T12:56:38.040Z"}}, {"model": "api.lignecommande", "pk": 345, "fields": {"commande": 130, "produit": 104, "quantite": 5, "prix_unitaire": "30000.00", "date_creation": "2025-03-13T12:56:38.040Z"}}, {"model": "api.lignecommande", "pk": 346, "fields": {"commande": 131, "produit": 95, "quantite": 3, "prix_unitaire": "1200.00", "date_creation": "2025-03-13T12:56:38.040Z"}}, {"model": "api.lignecommande", "pk": 347, "fields": {"commande": 131, "produit": 98, "quantite": 4, "prix_unitaire": "15000.00", "date_creation": "2025-03-13T12:56:38.040Z"}}, {"model": "api.lignecommande", "pk": 348, "fields": {"commande": 132, "produit": 95, "quantite": 3, "prix_unitaire": "1200.00", "date_creation": "2025-03-13T12:56:38.040Z"}}, {"model": "api.lignecommande", "pk": 349, "fields": {"commande": 132, "produit": 105, "quantite": 4, "prix_unitaire": "15000.00", "date_creation": "2025-03-13T12:56:38.040Z"}}, {"model": "api.lignecommande", "pk": 350, "fields": {"commande": 132, "produit": 101, "quantite": 2, "prix_unitaire": "800.00", "date_creation": "2025-03-13T12:56:38.040Z"}}, {"model": "api.lignecommande", "pk": 351, "fields": {"commande": 132, "produit": 99, "quantite": 4, "prix_unitaire": "5000.00", "date_creation": "2025-03-13T12:56:38.040Z"}}, {"model": "api.lignecommande", "pk": 352, "fields": {"commande": 133, "produit": 93, "quantite": 3, "prix_unitaire": "1000.00", "date_creation": "2025-03-13T12:56:38.040Z"}}, {"model": "api.lignecommande", "pk": 353, "fields": {"commande": 133, "produit": 100, "quantite": 5, "prix_unitaire": "20000.00", "date_creation": "2025-03-13T12:56:38.040Z"}}, {"model": "api.lignecommande", "pk": 354, "fields": {"commande": 134, "produit": 97, "quantite": 5, "prix_unitaire": "35000.00", "date_creation": "2025-03-13T12:56:38.055Z"}}, {"model": "api.lignecommande", "pk": 355, "fields": {"commande": 134, "produit": 95, "quantite": 5, "prix_unitaire": "1200.00", "date_creation": "2025-03-13T12:56:38.055Z"}}, {"model": "api.lignecommande", "pk": 356, "fields": {"commande": 134, "produit": 97, "quantite": 2, "prix_unitaire": "35000.00", "date_creation": "2025-03-13T12:56:38.055Z"}}, {"model": "api.lignecommande", "pk": 357, "fields": {"commande": 134, "produit": 100, "quantite": 4, "prix_unitaire": "20000.00", "date_creation": "2025-03-13T12:56:38.055Z"}}, {"model": "api.lignecommande", "pk": 358, "fields": {"commande": 135, "produit": 102, "quantite": 5, "prix_unitaire": "18000.00", "date_creation": "2025-03-13T12:56:38.055Z"}}, {"model": "api.lignecommande", "pk": 359, "fields": {"commande": 135, "produit": 94, "quantite": 3, "prix_unitaire": "3000.00", "date_creation": "2025-03-13T12:56:38.055Z"}}, {"model": "api.lignecommande", "pk": 360, "fields": {"commande": 136, "produit": 97, "quantite": 5, "prix_unitaire": "35000.00", "date_creation": "2025-03-13T12:56:38.055Z"}}, {"model": "api.lignecommande", "pk": 361, "fields": {"commande": 136, "produit": 92, "quantite": 1, "prix_unitaire": "2000.00", "date_creation": "2025-03-13T12:56:38.055Z"}}, {"model": "api.lignecommande", "pk": 362, "fields": {"commande": 136, "produit": 92, "quantite": 5, "prix_unitaire": "2000.00", "date_creation": "2025-03-13T12:56:38.055Z"}}, {"model": "api.lignecommande", "pk": 363, "fields": {"commande": 137, "produit": 94, "quantite": 2, "prix_unitaire": "3000.00", "date_creation": "2025-03-13T12:56:38.055Z"}}, {"model": "api.lignecommande", "pk": 364, "fields": {"commande": 138, "produit": 91, "quantite": 3, "prix_unitaire": "1500.00", "date_creation": "2025-03-13T12:56:38.055Z"}}, {"model": "api.lignecommande", "pk": 365, "fields": {"commande": 138, "produit": 99, "quantite": 1, "prix_unitaire": "5000.00", "date_creation": "2025-03-13T12:56:38.055Z"}}, {"model": "api.lignecommande", "pk": 366, "fields": {"commande": 138, "produit": 104, "quantite": 1, "prix_unitaire": "30000.00", "date_creation": "2025-03-13T12:56:38.055Z"}}, {"model": "api.lignecommande", "pk": 367, "fields": {"commande": 139, "produit": 92, "quantite": 3, "prix_unitaire": "2000.00", "date_creation": "2025-03-13T12:56:38.070Z"}}, {"model": "api.lignecommande", "pk": 368, "fields": {"commande": 140, "produit": 103, "quantite": 1, "prix_unitaire": "10000.00", "date_creation": "2025-03-13T12:56:38.071Z"}}, {"model": "api.lignecommande", "pk": 369, "fields": {"commande": 141, "produit": 101, "quantite": 4, "prix_unitaire": "800.00", "date_creation": "2025-03-13T12:56:38.071Z"}}, {"model": "api.lignecommande", "pk": 370, "fields": {"commande": 141, "produit": 102, "quantite": 1, "prix_unitaire": "18000.00", "date_creation": "2025-03-13T12:56:38.071Z"}}, {"model": "api.lignecommande", "pk": 371, "fields": {"commande": 141, "produit": 95, "quantite": 5, "prix_unitaire": "1200.00", "date_creation": "2025-03-13T12:56:38.071Z"}}, {"model": "api.lignecommande", "pk": 372, "fields": {"commande": 142, "produit": 101, "quantite": 4, "prix_unitaire": "800.00", "date_creation": "2025-03-13T12:56:38.071Z"}}, {"model": "api.lignecommande", "pk": 373, "fields": {"commande": 142, "produit": 91, "quantite": 2, "prix_unitaire": "1500.00", "date_creation": "2025-03-13T12:56:38.071Z"}}, {"model": "api.lignecommande", "pk": 374, "fields": {"commande": 142, "produit": 105, "quantite": 3, "prix_unitaire": "15000.00", "date_creation": "2025-03-13T12:56:38.071Z"}}, {"model": "api.lignecommande", "pk": 375, "fields": {"commande": 143, "produit": 92, "quantite": 1, "prix_unitaire": "2000.00", "date_creation": "2025-03-13T12:56:38.071Z"}}, {"model": "api.lignecommande", "pk": 376, "fields": {"commande": 143, "produit": 101, "quantite": 2, "prix_unitaire": "800.00", "date_creation": "2025-03-13T12:56:38.071Z"}}, {"model": "api.lignecommande", "pk": 377, "fields": {"commande": 144, "produit": 97, "quantite": 1, "prix_unitaire": "35000.00", "date_creation": "2025-03-13T12:56:38.071Z"}}, {"model": "api.lignecommande", "pk": 378, "fields": {"commande": 145, "produit": 101, "quantite": 3, "prix_unitaire": "800.00", "date_creation": "2025-03-13T12:56:38.071Z"}}, {"model": "api.lignecommande", "pk": 379, "fields": {"commande": 145, "produit": 91, "quantite": 4, "prix_unitaire": "1500.00", "date_creation": "2025-03-13T12:56:38.071Z"}}, {"model": "api.lignecommande", "pk": 380, "fields": {"commande": 145, "produit": 98, "quantite": 1, "prix_unitaire": "15000.00", "date_creation": "2025-03-13T12:56:38.087Z"}}, {"model": "api.lignecommande", "pk": 381, "fields": {"commande": 145, "produit": 100, "quantite": 2, "prix_unitaire": "20000.00", "date_creation": "2025-03-13T12:56:38.088Z"}}, {"model": "api.lignecommande", "pk": 382, "fields": {"commande": 146, "produit": 97, "quantite": 5, "prix_unitaire": "35000.00", "date_creation": "2025-03-13T12:56:38.088Z"}}, {"model": "api.lignecommande", "pk": 383, "fields": {"commande": 146, "produit": 92, "quantite": 5, "prix_unitaire": "2000.00", "date_creation": "2025-03-13T12:56:38.088Z"}}, {"model": "api.lignecommande", "pk": 384, "fields": {"commande": 146, "produit": 92, "quantite": 2, "prix_unitaire": "2000.00", "date_creation": "2025-03-13T12:56:38.088Z"}}, {"model": "api.lignecommande", "pk": 385, "fields": {"commande": 147, "produit": 101, "quantite": 3, "prix_unitaire": "800.00", "date_creation": "2025-03-13T12:56:38.088Z"}}, {"model": "api.lignecommande", "pk": 386, "fields": {"commande": 148, "produit": 97, "quantite": 5, "prix_unitaire": "35000.00", "date_creation": "2025-03-13T12:56:38.088Z"}}, {"model": "api.lignecommande", "pk": 387, "fields": {"commande": 148, "produit": 101, "quantite": 1, "prix_unitaire": "800.00", "date_creation": "2025-03-13T12:56:38.088Z"}}, {"model": "api.lignecommande", "pk": 388, "fields": {"commande": 149, "produit": 99, "quantite": 5, "prix_unitaire": "5000.00", "date_creation": "2025-03-13T12:56:38.088Z"}}, {"model": "api.lignecommande", "pk": 389, "fields": {"commande": 149, "produit": 92, "quantite": 1, "prix_unitaire": "2000.00", "date_creation": "2025-03-13T12:56:38.088Z"}}, {"model": "api.lignecommande", "pk": 390, "fields": {"commande": 150, "produit": 105, "quantite": 4, "prix_unitaire": "15000.00", "date_creation": "2025-03-13T12:56:38.088Z"}}, {"model": "api.lignecommande", "pk": 391, "fields": {"commande": 151, "produit": 91, "quantite": 1, "prix_unitaire": "1500.00", "date_creation": "2025-03-13T12:56:38.088Z"}}, {"model": "api.lignecommande", "pk": 392, "fields": {"commande": 151, "produit": 92, "quantite": 5, "prix_unitaire": "2000.00", "date_creation": "2025-03-13T12:56:38.088Z"}}, {"model": "api.lignecommande", "pk": 393, "fields": {"commande": 152, "produit": 97, "quantite": 4, "prix_unitaire": "35000.00", "date_creation": "2025-03-13T12:56:38.103Z"}}, {"model": "api.lignecommande", "pk": 394, "fields": {"commande": 152, "produit": 99, "quantite": 1, "prix_unitaire": "5000.00", "date_creation": "2025-03-13T12:56:38.105Z"}}, {"model": "api.lignecommande", "pk": 395, "fields": {"commande": 152, "produit": 104, "quantite": 2, "prix_unitaire": "30000.00", "date_creation": "2025-03-13T12:56:38.105Z"}}, {"model": "api.lignecommande", "pk": 396, "fields": {"commande": 152, "produit": 97, "quantite": 3, "prix_unitaire": "35000.00", "date_creation": "2025-03-13T12:56:38.105Z"}}, {"model": "api.lignecommande", "pk": 397, "fields": {"commande": 153, "produit": 91, "quantite": 2, "prix_unitaire": "1500.00", "date_creation": "2025-03-13T12:56:38.105Z"}}, {"model": "api.lignecommande", "pk": 398, "fields": {"commande": 153, "produit": 97, "quantite": 5, "prix_unitaire": "35000.00", "date_creation": "2025-03-13T12:56:38.105Z"}}, {"model": "api.lignecommande", "pk": 399, "fields": {"commande": 153, "produit": 99, "quantite": 2, "prix_unitaire": "5000.00", "date_creation": "2025-03-13T12:56:38.105Z"}}, {"model": "api.lignecommande", "pk": 400, "fields": {"commande": 154, "produit": 92, "quantite": 5, "prix_unitaire": "2000.00", "date_creation": "2025-03-13T12:56:38.105Z"}}, {"model": "api.lignecommande", "pk": 401, "fields": {"commande": 154, "produit": 104, "quantite": 3, "prix_unitaire": "30000.00", "date_creation": "2025-03-13T12:56:38.105Z"}}, {"model": "api.lignecommande", "pk": 402, "fields": {"commande": 154, "produit": 103, "quantite": 3, "prix_unitaire": "10000.00", "date_creation": "2025-03-13T12:56:38.105Z"}}, {"model": "api.lignecommande", "pk": 403, "fields": {"commande": 154, "produit": 95, "quantite": 4, "prix_unitaire": "1200.00", "date_creation": "2025-03-13T12:56:38.105Z"}}, {"model": "api.lignecommande", "pk": 404, "fields": {"commande": 155, "produit": 105, "quantite": 4, "prix_unitaire": "15000.00", "date_creation": "2025-03-13T12:56:38.105Z"}}, {"model": "api.lignecommande", "pk": 405, "fields": {"commande": 155, "produit": 95, "quantite": 2, "prix_unitaire": "1200.00", "date_creation": "2025-03-13T12:56:38.105Z"}}, {"model": "api.lignecommande", "pk": 406, "fields": {"commande": 155, "produit": 92, "quantite": 4, "prix_unitaire": "2000.00", "date_creation": "2025-03-13T12:56:38.105Z"}}, {"model": "api.lignecommande", "pk": 407, "fields": {"commande": 156, "produit": 97, "quantite": 3, "prix_unitaire": "35000.00", "date_creation": "2025-03-13T12:56:38.105Z"}}, {"model": "api.lignecommande", "pk": 408, "fields": {"commande": 156, "produit": 101, "quantite": 2, "prix_unitaire": "800.00", "date_creation": "2025-03-13T12:56:38.120Z"}}, {"model": "api.lignecommande", "pk": 409, "fields": {"commande": 157, "produit": 91, "quantite": 7, "prix_unitaire": "1500.00", "date_creation": "2025-03-19T16:06:05.574Z"}}, {"model": "api.lignecommande", "pk": 410, "fields": {"commande": 158, "produit": 91, "quantite": 4, "prix_unitaire": "1500.00", "date_creation": "2025-03-19T16:26:35.403Z"}}, {"model": "api.paiement", "pk": 160, "fields": {"commande": 118, "abonnement": null, "atelier": null, "type_transaction": "commande", "montant": "33000.00", "date": "2025-03-13T12:56:38.004Z", "statut": "simule", "is_active": true, "details": null, "methode_paiement": null, "date_creation": "2025-03-13T12:56:38.004Z"}}, {"model": "api.paiement", "pk": 161, "fields": {"commande": 119, "abonnement": null, "atelier": null, "type_transaction": "commande", "montant": "85000.00", "date": "2025-03-13T12:56:38.005Z", "statut": "simule", "is_active": true, "details": null, "methode_paiement": null, "date_creation": "2025-03-13T12:56:38.005Z"}}, {"model": "api.paiement", "pk": 162, "fields": {"commande": 120, "abonnement": null, "atelier": null, "type_transaction": "commande", "montant": "74000.00", "date": "2025-03-13T12:56:38.005Z", "statut": "simule", "is_active": true, "details": null, "methode_paiement": null, "date_creation": "2025-03-13T12:56:38.005Z"}}, {"model": "api.paiement", "pk": 163, "fields": {"commande": 121, "abonnement": null, "atelier": null, "type_transaction": "commande", "montant": "36000.00", "date": "2025-03-13T12:56:38.005Z", "statut": "simule", "is_active": true, "details": null, "methode_paiement": null, "date_creation": "2025-03-13T12:56:38.005Z"}}, {"model": "api.paiement", "pk": 164, "fields": {"commande": 122, "abonnement": null, "atelier": null, "type_transaction": "commande", "montant": "51000.00", "date": "2025-03-13T12:56:38.005Z", "statut": "effectue", "is_active": true, "details": null, "methode_paiement": null, "date_creation": "2025-03-13T12:56:38.005Z"}}, {"model": "api.paiement", "pk": 165, "fields": {"commande": 123, "abonnement": null, "atelier": null, "type_transaction": "commande", "montant": "94800.00", "date": "2025-03-13T12:56:38.005Z", "statut": "effectue", "is_active": true, "details": null, "methode_paiement": null, "date_creation": "2025-03-13T12:56:38.005Z"}}, {"model": "api.paiement", "pk": 166, "fields": {"commande": 124, "abonnement": null, "atelier": null, "type_transaction": "commande", "montant": "149800.00", "date": "2025-03-13T12:56:38.025Z", "statut": "effectue", "is_active": true, "details": null, "methode_paiement": null, "date_creation": "2025-03-13T12:56:38.025Z"}}, {"model": "api.paiement", "pk": 167, "fields": {"commande": 125, "abonnement": null, "atelier": null, "type_transaction": "commande", "montant": "94600.00", "date": "2025-03-13T12:56:38.028Z", "statut": "simule", "is_active": true, "details": null, "methode_paiement": null, "date_creation": "2025-03-13T12:56:38.028Z"}}, {"model": "api.paiement", "pk": 168, "fields": {"commande": 126, "abonnement": null, "atelier": null, "type_transaction": "commande", "montant": "25000.00", "date": "2025-03-13T12:56:38.028Z", "statut": "simule", "is_active": true, "details": null, "methode_paiement": null, "date_creation": "2025-03-13T12:56:38.028Z"}}, {"model": "api.paiement", "pk": 169, "fields": {"commande": 127, "abonnement": null, "atelier": null, "type_transaction": "commande", "montant": "286000.00", "date": "2025-03-13T12:56:38.028Z", "statut": "effectue", "is_active": true, "details": null, "methode_paiement": null, "date_creation": "2025-03-13T12:56:38.028Z"}}, {"model": "api.paiement", "pk": 170, "fields": {"commande": 128, "abonnement": null, "atelier": null, "type_transaction": "commande", "montant": "201000.00", "date": "2025-03-13T12:56:38.040Z", "statut": "effectue", "is_active": true, "details": null, "methode_paiement": null, "date_creation": "2025-03-13T12:56:38.040Z"}}, {"model": "api.paiement", "pk": 171, "fields": {"commande": 129, "abonnement": null, "atelier": null, "type_transaction": "commande", "montant": "245000.00", "date": "2025-03-13T12:56:38.040Z", "statut": "simule", "is_active": true, "details": null, "methode_paiement": null, "date_creation": "2025-03-13T12:56:38.040Z"}}, {"model": "api.paiement", "pk": 172, "fields": {"commande": 130, "abonnement": null, "atelier": null, "type_transaction": "commande", "montant": "150000.00", "date": "2025-03-13T12:56:38.040Z", "statut": "simule", "is_active": true, "details": null, "methode_paiement": null, "date_creation": "2025-03-13T12:56:38.040Z"}}, {"model": "api.paiement", "pk": 173, "fields": {"commande": 131, "abonnement": null, "atelier": null, "type_transaction": "commande", "montant": "63600.00", "date": "2025-03-13T12:56:38.040Z", "statut": "simule", "is_active": true, "details": null, "methode_paiement": null, "date_creation": "2025-03-13T12:56:38.040Z"}}, {"model": "api.paiement", "pk": 174, "fields": {"commande": 132, "abonnement": null, "atelier": null, "type_transaction": "commande", "montant": "85200.00", "date": "2025-03-13T12:56:38.040Z", "statut": "simule", "is_active": true, "details": null, "methode_paiement": null, "date_creation": "2025-03-13T12:56:38.040Z"}}, {"model": "api.paiement", "pk": 175, "fields": {"commande": 133, "abonnement": null, "atelier": null, "type_transaction": "commande", "montant": "103000.00", "date": "2025-03-13T12:56:38.040Z", "statut": "simule", "is_active": true, "details": null, "methode_paiement": null, "date_creation": "2025-03-13T12:56:38.040Z"}}, {"model": "api.paiement", "pk": 176, "fields": {"commande": 134, "abonnement": null, "atelier": null, "type_transaction": "commande", "montant": "331000.00", "date": "2025-03-13T12:56:38.055Z", "statut": "effectue", "is_active": true, "details": null, "methode_paiement": null, "date_creation": "2025-03-13T12:56:38.055Z"}}, {"model": "api.paiement", "pk": 177, "fields": {"commande": 135, "abonnement": null, "atelier": null, "type_transaction": "commande", "montant": "99000.00", "date": "2025-03-13T12:56:38.055Z", "statut": "effectue", "is_active": true, "details": null, "methode_paiement": null, "date_creation": "2025-03-13T12:56:38.055Z"}}, {"model": "api.paiement", "pk": 178, "fields": {"commande": 136, "abonnement": null, "atelier": null, "type_transaction": "commande", "montant": "187000.00", "date": "2025-03-13T12:56:38.055Z", "statut": "effectue", "is_active": true, "details": null, "methode_paiement": null, "date_creation": "2025-03-13T12:56:38.055Z"}}, {"model": "api.paiement", "pk": 179, "fields": {"commande": 137, "abonnement": null, "atelier": null, "type_transaction": "commande", "montant": "6000.00", "date": "2025-03-13T12:56:38.055Z", "statut": "simule", "is_active": true, "details": null, "methode_paiement": null, "date_creation": "2025-03-13T12:56:38.055Z"}}, {"model": "api.paiement", "pk": 180, "fields": {"commande": 138, "abonnement": null, "atelier": null, "type_transaction": "commande", "montant": "39500.00", "date": "2025-03-13T12:56:38.055Z", "statut": "simule", "is_active": true, "details": null, "methode_paiement": null, "date_creation": "2025-03-13T12:56:38.055Z"}}, {"model": "api.paiement", "pk": 181, "fields": {"commande": 139, "abonnement": null, "atelier": null, "type_transaction": "commande", "montant": "6000.00", "date": "2025-03-13T12:56:38.071Z", "statut": "simule", "is_active": true, "details": null, "methode_paiement": null, "date_creation": "2025-03-13T12:56:38.071Z"}}, {"model": "api.paiement", "pk": 182, "fields": {"commande": 140, "abonnement": null, "atelier": null, "type_transaction": "commande", "montant": "10000.00", "date": "2025-03-13T12:56:38.071Z", "statut": "simule", "is_active": true, "details": null, "methode_paiement": null, "date_creation": "2025-03-13T12:56:38.071Z"}}, {"model": "api.paiement", "pk": 183, "fields": {"commande": 141, "abonnement": null, "atelier": null, "type_transaction": "commande", "montant": "27200.00", "date": "2025-03-13T12:56:38.071Z", "statut": "simule", "is_active": true, "details": null, "methode_paiement": null, "date_creation": "2025-03-13T12:56:38.071Z"}}, {"model": "api.paiement", "pk": 184, "fields": {"commande": 142, "abonnement": null, "atelier": null, "type_transaction": "commande", "montant": "51200.00", "date": "2025-03-13T12:56:38.071Z", "statut": "effectue", "is_active": true, "details": null, "methode_paiement": null, "date_creation": "2025-03-13T12:56:38.071Z"}}, {"model": "api.paiement", "pk": 185, "fields": {"commande": 143, "abonnement": null, "atelier": null, "type_transaction": "commande", "montant": "3600.00", "date": "2025-03-13T12:56:38.071Z", "statut": "effectue", "is_active": true, "details": null, "methode_paiement": null, "date_creation": "2025-03-13T12:56:38.071Z"}}, {"model": "api.paiement", "pk": 186, "fields": {"commande": 144, "abonnement": null, "atelier": null, "type_transaction": "commande", "montant": "35000.00", "date": "2025-03-13T12:56:38.071Z", "statut": "simule", "is_active": true, "details": null, "methode_paiement": null, "date_creation": "2025-03-13T12:56:38.071Z"}}, {"model": "api.paiement", "pk": 187, "fields": {"commande": 145, "abonnement": null, "atelier": null, "type_transaction": "commande", "montant": "63400.00", "date": "2025-03-13T12:56:38.088Z", "statut": "effectue", "is_active": true, "details": null, "methode_paiement": null, "date_creation": "2025-03-13T12:56:38.088Z"}}, {"model": "api.paiement", "pk": 188, "fields": {"commande": 146, "abonnement": null, "atelier": null, "type_transaction": "commande", "montant": "189000.00", "date": "2025-03-13T12:56:38.088Z", "statut": "effectue", "is_active": true, "details": null, "methode_paiement": null, "date_creation": "2025-03-13T12:56:38.088Z"}}, {"model": "api.paiement", "pk": 189, "fields": {"commande": 147, "abonnement": null, "atelier": null, "type_transaction": "commande", "montant": "2400.00", "date": "2025-03-13T12:56:38.088Z", "statut": "simule", "is_active": true, "details": null, "methode_paiement": null, "date_creation": "2025-03-13T12:56:38.088Z"}}, {"model": "api.paiement", "pk": 190, "fields": {"commande": 148, "abonnement": null, "atelier": null, "type_transaction": "commande", "montant": "175800.00", "date": "2025-03-13T12:56:38.088Z", "statut": "effectue", "is_active": true, "details": null, "methode_paiement": null, "date_creation": "2025-03-13T12:56:38.088Z"}}, {"model": "api.paiement", "pk": 191, "fields": {"commande": 149, "abonnement": null, "atelier": null, "type_transaction": "commande", "montant": "27000.00", "date": "2025-03-13T12:56:38.088Z", "statut": "effectue", "is_active": true, "details": null, "methode_paiement": null, "date_creation": "2025-03-13T12:56:38.088Z"}}, {"model": "api.paiement", "pk": 192, "fields": {"commande": 150, "abonnement": null, "atelier": null, "type_transaction": "commande", "montant": "60000.00", "date": "2025-03-13T12:56:38.088Z", "statut": "simule", "is_active": true, "details": null, "methode_paiement": null, "date_creation": "2025-03-13T12:56:38.088Z"}}, {"model": "api.paiement", "pk": 193, "fields": {"commande": 151, "abonnement": null, "atelier": null, "type_transaction": "commande", "montant": "11500.00", "date": "2025-03-13T12:56:38.088Z", "statut": "effectue", "is_active": true, "details": null, "methode_paiement": null, "date_creation": "2025-03-13T12:56:38.088Z"}}, {"model": "api.paiement", "pk": 194, "fields": {"commande": 152, "abonnement": null, "atelier": null, "type_transaction": "commande", "montant": "310000.00", "date": "2025-03-13T12:56:38.105Z", "statut": "simule", "is_active": true, "details": null, "methode_paiement": null, "date_creation": "2025-03-13T12:56:38.105Z"}}, {"model": "api.paiement", "pk": 195, "fields": {"commande": 153, "abonnement": null, "atelier": null, "type_transaction": "commande", "montant": "188000.00", "date": "2025-03-13T12:56:38.105Z", "statut": "effectue", "is_active": true, "details": null, "methode_paiement": null, "date_creation": "2025-03-13T12:56:38.105Z"}}, {"model": "api.paiement", "pk": 196, "fields": {"commande": 154, "abonnement": null, "atelier": null, "type_transaction": "commande", "montant": "134800.00", "date": "2025-03-13T12:56:38.105Z", "statut": "effectue", "is_active": true, "details": null, "methode_paiement": null, "date_creation": "2025-03-13T12:56:38.105Z"}}, {"model": "api.paiement", "pk": 197, "fields": {"commande": 155, "abonnement": null, "atelier": null, "type_transaction": "commande", "montant": "70400.00", "date": "2025-03-13T12:56:38.105Z", "statut": "effectue", "is_active": true, "details": null, "methode_paiement": null, "date_creation": "2025-03-13T12:56:38.105Z"}}, {"model": "api.paiement", "pk": 198, "fields": {"commande": 156, "abonnement": null, "atelier": null, "type_transaction": "commande", "montant": "106600.00", "date": "2025-03-13T12:56:38.121Z", "statut": "effectue", "is_active": true, "details": null, "methode_paiement": null, "date_creation": "2025-03-13T12:56:38.121Z"}}, {"model": "api.paiement", "pk": 199, "fields": {"commande": null, "abonnement": 43, "atelier": null, "type_transaction": "abonnement", "montant": "432000.00", "date": "2025-03-13T12:56:38.190Z", "statut": "effectue", "is_active": true, "details": null, "methode_paiement": null, "date_creation": "2025-03-13T12:56:38.190Z"}}, {"model": "api.paiement", "pk": 200, "fields": {"commande": null, "abonnement": 44, "atelier": null, "type_transaction": "abonnement", "montant": "100000.00", "date": "2025-03-13T12:56:38.190Z", "statut": "effectue", "is_active": true, "details": null, "methode_paiement": null, "date_creation": "2025-03-13T12:56:38.190Z"}}, {"model": "api.paiement", "pk": 201, "fields": {"commande": null, "abonnement": 45, "atelier": null, "type_transaction": "abonnement", "montant": "64800.00", "date": "2025-03-13T12:56:38.190Z", "statut": "effectue", "is_active": true, "details": null, "methode_paiement": null, "date_creation": "2025-03-13T12:56:38.190Z"}}, {"model": "api.paiement", "pk": 202, "fields": {"commande": null, "abonnement": 46, "atelier": null, "type_transaction": "abonnement", "montant": "124000.00", "date": "2025-03-13T12:56:38.190Z", "statut": "effectue", "is_active": true, "details": null, "methode_paiement": null, "date_creation": "2025-03-13T12:56:38.190Z"}}, {"model": "api.paiement", "pk": 203, "fields": {"commande": null, "abonnement": 47, "atelier": null, "type_transaction": "abonnement", "montant": "1500.00", "date": "2025-03-13T12:56:38.190Z", "statut": "effectue", "is_active": true, "details": null, "methode_paiement": null, "date_creation": "2025-03-13T12:56:38.190Z"}}, {"model": "api.paiement", "pk": 204, "fields": {"commande": null, "abonnement": 48, "atelier": null, "type_transaction": "abonnement", "montant": "46000.00", "date": "2025-03-13T12:56:38.190Z", "statut": "effectue", "is_active": true, "details": null, "methode_paiement": null, "date_creation": "2025-03-13T12:56:38.190Z"}}, {"model": "api.paiement", "pk": 205, "fields": {"commande": null, "abonnement": 49, "atelier": null, "type_transaction": "abonnement", "montant": "260000.00", "date": "2025-03-13T12:56:38.190Z", "statut": "effectue", "is_active": true, "details": null, "methode_paiement": null, "date_creation": "2025-03-13T12:56:38.190Z"}}, {"model": "api.paiement", "pk": 206, "fields": {"commande": null, "abonnement": 50, "atelier": null, "type_transaction": "abonnement", "montant": "170640.00", "date": "2025-03-13T12:56:38.190Z", "statut": "effectue", "is_active": true, "details": null, "methode_paiement": null, "date_creation": "2025-03-13T12:56:38.190Z"}}, {"model": "api.paiement", "pk": 207, "fields": {"commande": null, "abonnement": 51, "atelier": null, "type_transaction": "abonnement", "montant": "448200.00", "date": "2025-03-13T12:56:38.190Z", "statut": "effectue", "is_active": true, "details": null, "methode_paiement": null, "date_creation": "2025-03-13T12:56:38.190Z"}}, {"model": "api.paiement", "pk": 208, "fields": {"commande": null, "abonnement": 52, "atelier": null, "type_transaction": "abonnement", "montant": "194400.00", "date": "2025-03-13T12:56:38.190Z", "statut": "effectue", "is_active": true, "details": null, "methode_paiement": null, "date_creation": "2025-03-13T12:56:38.190Z"}}, {"model": "api.paiement", "pk": 209, "fields": {"commande": null, "abonnement": 53, "atelier": null, "type_transaction": "abonnement", "montant": "572400.00", "date": "2025-03-13T12:56:38.190Z", "statut": "effectue", "is_active": true, "details": null, "methode_paiement": null, "date_creation": "2025-03-13T12:56:38.190Z"}}, {"model": "api.paiement", "pk": 210, "fields": {"commande": null, "abonnement": 54, "atelier": null, "type_transaction": "abonnement", "montant": "25000.00", "date": "2025-03-13T12:56:38.190Z", "statut": "effectue", "is_active": true, "details": null, "methode_paiement": null, "date_creation": "2025-03-13T12:56:38.190Z"}}, {"model": "api.paiement", "pk": 211, "fields": {"commande": null, "abonnement": 55, "atelier": null, "type_transaction": "abonnement", "montant": "45360.00", "date": "2025-03-13T12:56:38.204Z", "statut": "effectue", "is_active": true, "details": null, "methode_paiement": null, "date_creation": "2025-03-13T12:56:38.204Z"}}, {"model": "api.paiement", "pk": 212, "fields": {"commande": null, "abonnement": 56, "atelier": null, "type_transaction": "abonnement", "montant": "186840.00", "date": "2025-03-13T12:56:38.206Z", "statut": "effectue", "is_active": true, "details": null, "methode_paiement": null, "date_creation": "2025-03-13T12:56:38.206Z"}}, {"model": "api.paiement", "pk": 213, "fields": {"commande": null, "abonnement": null, "atelier": 2, "type_transaction": "atelier", "montant": "12000.00", "date": "2025-03-13T12:56:38.211Z", "statut": "effectue", "is_active": true, "details": null, "methode_paiement": null, "date_creation": "2025-03-13T12:56:38.211Z"}}, {"model": "api.paiement", "pk": 214, "fields": {"commande": null, "abonnement": null, "atelier": 2, "type_transaction": "atelier", "montant": "12000.00", "date": "2025-03-13T12:56:38.211Z", "statut": "effectue", "is_active": true, "details": null, "methode_paiement": null, "date_creation": "2025-03-13T12:56:38.211Z"}}, {"model": "api.paiement", "pk": 215, "fields": {"commande": null, "abonnement": null, "atelier": 2, "type_transaction": "atelier", "montant": "12000.00", "date": "2025-03-13T12:56:38.211Z", "statut": "effectue", "is_active": true, "details": null, "methode_paiement": null, "date_creation": "2025-03-13T12:56:38.211Z"}}, {"model": "api.paiement", "pk": 216, "fields": {"commande": null, "abonnement": null, "atelier": 2, "type_transaction": "atelier", "montant": "12000.00", "date": "2025-03-13T12:56:38.211Z", "statut": "effectue", "is_active": true, "details": null, "methode_paiement": null, "date_creation": "2025-03-13T12:56:38.211Z"}}, {"model": "api.paiement", "pk": 217, "fields": {"commande": null, "abonnement": null, "atelier": 2, "type_transaction": "atelier", "montant": "12000.00", "date": "2025-03-13T12:56:38.211Z", "statut": "effectue", "is_active": true, "details": null, "methode_paiement": null, "date_creation": "2025-03-13T12:56:38.211Z"}}, {"model": "api.paiement", "pk": 218, "fields": {"commande": null, "abonnement": null, "atelier": 2, "type_transaction": "atelier", "montant": "12000.00", "date": "2025-03-13T12:56:38.211Z", "statut": "effectue", "is_active": true, "details": null, "methode_paiement": null, "date_creation": "2025-03-13T12:56:38.211Z"}}, {"model": "api.paiement", "pk": 219, "fields": {"commande": null, "abonnement": null, "atelier": 3, "type_transaction": "atelier", "montant": "15000.00", "date": "2025-03-13T12:56:38.211Z", "statut": "rembourse", "is_active": true, "details": null, "methode_paiement": null, "date_creation": "2025-03-13T12:56:38.211Z"}}, {"model": "api.paiement", "pk": 220, "fields": {"commande": null, "abonnement": null, "atelier": 3, "type_transaction": "atelier", "montant": "15000.00", "date": "2025-03-13T12:56:38.211Z", "statut": "effectue", "is_active": true, "details": null, "methode_paiement": null, "date_creation": "2025-03-13T12:56:38.211Z"}}, {"model": "api.paiement", "pk": 221, "fields": {"commande": null, "abonnement": null, "atelier": 3, "type_transaction": "atelier", "montant": "15000.00", "date": "2025-03-13T12:56:38.211Z", "statut": "effectue", "is_active": true, "details": null, "methode_paiement": null, "date_creation": "2025-03-13T12:56:38.211Z"}}, {"model": "api.paiement", "pk": 222, "fields": {"commande": null, "abonnement": null, "atelier": 3, "type_transaction": "atelier", "montant": "15000.00", "date": "2025-03-13T12:56:38.211Z", "statut": "effectue", "is_active": true, "details": null, "methode_paiement": null, "date_creation": "2025-03-13T12:56:38.211Z"}}, {"model": "api.paiement", "pk": 223, "fields": {"commande": null, "abonnement": null, "atelier": 3, "type_transaction": "atelier", "montant": "15000.00", "date": "2025-03-13T12:56:38.211Z", "statut": "effectue", "is_active": true, "details": null, "methode_paiement": null, "date_creation": "2025-03-13T12:56:38.211Z"}}, {"model": "api.paiement", "pk": 224, "fields": {"commande": null, "abonnement": null, "atelier": 4, "type_transaction": "atelier", "montant": "18000.00", "date": "2025-03-13T12:56:38.211Z", "statut": "effectue", "is_active": true, "details": null, "methode_paiement": null, "date_creation": "2025-03-13T12:56:38.211Z"}}, {"model": "api.paiement", "pk": 225, "fields": {"commande": null, "abonnement": null, "atelier": 4, "type_transaction": "atelier", "montant": "18000.00", "date": "2025-03-13T12:56:38.211Z", "statut": "effectue", "is_active": true, "details": null, "methode_paiement": null, "date_creation": "2025-03-13T12:56:38.211Z"}}, {"model": "api.paiement", "pk": 226, "fields": {"commande": null, "abonnement": null, "atelier": 4, "type_transaction": "atelier", "montant": "18000.00", "date": "2025-03-13T12:56:38.211Z", "statut": "effectue", "is_active": true, "details": null, "methode_paiement": null, "date_creation": "2025-03-13T12:56:38.211Z"}}, {"model": "api.paiement", "pk": 227, "fields": {"commande": null, "abonnement": null, "atelier": 5, "type_transaction": "atelier", "montant": "10000.00", "date": "2025-03-13T12:56:38.211Z", "statut": "effectue", "is_active": true, "details": null, "methode_paiement": null, "date_creation": "2025-03-13T12:56:38.211Z"}}, {"model": "api.paiement", "pk": 228, "fields": {"commande": null, "abonnement": null, "atelier": 5, "type_transaction": "atelier", "montant": "10000.00", "date": "2025-03-13T12:56:38.211Z", "statut": "effectue", "is_active": true, "details": null, "methode_paiement": null, "date_creation": "2025-03-13T12:56:38.221Z"}}, {"model": "api.paiement", "pk": 229, "fields": {"commande": null, "abonnement": null, "atelier": 5, "type_transaction": "atelier", "montant": "10000.00", "date": "2025-03-13T12:56:38.221Z", "statut": "effectue", "is_active": true, "details": null, "methode_paiement": null, "date_creation": "2025-03-13T12:56:38.221Z"}}, {"model": "api.paiement", "pk": 230, "fields": {"commande": null, "abonnement": null, "atelier": 5, "type_transaction": "atelier", "montant": "10000.00", "date": "2025-03-13T12:56:38.222Z", "statut": "effectue", "is_active": true, "details": null, "methode_paiement": null, "date_creation": "2025-03-13T12:56:38.222Z"}}, {"model": "api.paiement", "pk": 231, "fields": {"commande": null, "abonnement": null, "atelier": 5, "type_transaction": "atelier", "montant": "10000.00", "date": "2025-03-13T12:56:38.223Z", "statut": "effectue", "is_active": true, "details": null, "methode_paiement": null, "date_creation": "2025-03-13T12:56:38.223Z"}}, {"model": "api.paiement", "pk": 232, "fields": {"commande": null, "abonnement": null, "atelier": 6, "type_transaction": "atelier", "montant": "20000.00", "date": "2025-03-13T12:56:38.225Z", "statut": "effectue", "is_active": true, "details": null, "methode_paiement": null, "date_creation": "2025-03-13T12:56:38.225Z"}}, {"model": "api.paiement", "pk": 233, "fields": {"commande": null, "abonnement": null, "atelier": 6, "type_transaction": "atelier", "montant": "20000.00", "date": "2025-03-13T12:56:38.226Z", "statut": "effectue", "is_active": true, "details": null, "methode_paiement": null, "date_creation": "2025-03-13T12:56:38.226Z"}}, {"model": "api.paiement", "pk": 234, "fields": {"commande": null, "abonnement": null, "atelier": 6, "type_transaction": "atelier", "montant": "20000.00", "date": "2025-03-13T12:56:38.226Z", "statut": "effectue", "is_active": true, "details": null, "methode_paiement": null, "date_creation": "2025-03-13T12:56:38.226Z"}}, {"model": "api.paiement", "pk": 235, "fields": {"commande": null, "abonnement": null, "atelier": 6, "type_transaction": "atelier", "montant": "20000.00", "date": "2025-03-13T12:56:38.227Z", "statut": "effectue", "is_active": true, "details": null, "methode_paiement": null, "date_creation": "2025-03-13T12:56:38.227Z"}}, {"model": "api.paiement", "pk": 236, "fields": {"commande": null, "abonnement": null, "atelier": 6, "type_transaction": "atelier", "montant": "20000.00", "date": "2025-03-13T12:56:38.227Z", "statut": "effectue", "is_active": true, "details": null, "methode_paiement": null, "date_creation": "2025-03-13T12:56:38.227Z"}}, {"model": "api.paiement", "pk": 237, "fields": {"commande": 157, "abonnement": null, "atelier": null, "type_transaction": "commande", "montant": "10500.00", "date": "2025-03-19T16:06:05.578Z", "statut": "simule", "is_active": true, "details": null, "methode_paiement": null, "date_creation": "2025-03-19T16:06:05.578Z"}}, {"model": "api.paiement", "pk": 238, "fields": {"commande": 158, "abonnement": null, "atelier": null, "type_transaction": "commande", "montant": "6000.00", "date": "2025-03-19T16:26:35.403Z", "statut": "simule", "is_active": true, "details": null, "methode_paiement": null, "date_creation": "2025-03-19T16:26:35.403Z"}}, {"model": "api.paiement", "pk": 239, "fields": {"commande": null, "abonnement": null, "atelier": 3, "type_transaction": "atelier", "montant": "15000.00", "date": "2025-03-21T16:54:45.055Z", "statut": "simule", "is_active": true, "details": null, "methode_paiement": null, "date_creation": "2025-03-21T16:54:45.055Z"}}, {"model": "api.paiement", "pk": 240, "fields": {"commande": null, "abonnement": null, "atelier": 3, "type_transaction": "atelier", "montant": "15000.00", "date": "2025-03-21T16:54:50.978Z", "statut": "simule", "is_active": true, "details": null, "methode_paiement": null, "date_creation": "2025-03-21T16:54:50.978Z"}}, {"model": "api.paiement", "pk": 241, "fields": {"commande": null, "abonnement": null, "atelier": 3, "type_transaction": "atelier", "montant": "15000.00", "date": "2025-03-21T17:02:04.802Z", "statut": "simule", "is_active": true, "details": null, "methode_paiement": null, "date_creation": "2025-03-21T17:02:04.802Z"}}, {"model": "api.utilisateur", "fields": {"password": "pbkdf2_sha256$870000$CE2GVN7zf9szslqOoos4Uo$NMbMB2NXQJHRV1CwYpOCldeLF25ycSZtjATTt8bL/ak=", "last_login": null, "is_superuser": false, "username": "admin_chezflora", "first_name": "", "last_name": "", "email": "emmanuelscre1@gmail.com", "is_staff": true, "date_joined": "2025-03-13T12:56:24.961Z", "adresse": null, "telephone": "+237690123456", "role": "admin", "is_active": true, "date_creation": "2025-03-13T12:56:24.961Z", "date_mise_a_jour": "2025-03-20T07:44:07.222Z", "is_banned": false, "groups": [], "user_permissions": []}}, {"model": "api.utilisateur", "fields": {"password": "pbkdf2_sha256$870000$hwDrhPthwoTFs0JiYnWpML$OrGbrX2mn3T/eSwUrs5VSS1yDx1IresKgk5HW1z3PmA=", "last_login": null, "is_superuser": false, "username": "dorothÚe_ndongo0", "first_name": "", "last_name": "", "email": "dorothÚe.ndongo@gmail.com", "is_staff": false, "date_joined": "2025-03-13T12:56:25.213Z", "adresse": null, "telephone": "+237688167437", "role": "client", "is_active": true, "date_creation": "2025-03-13T12:56:25.215Z", "date_mise_a_jour": "2025-03-13T12:56:25.215Z", "is_banned": false, "groups": [], "user_permissions": []}}, {"model": "api.utilisateur", "fields": {"password": "pbkdf2_sha256$870000$IP1D4rYtMu47ithNxalncv$mE88pIPf42ptZBQFYqxTdtHjh3BLXYdq5WcF/hKtUhM=", "last_login": null, "is_superuser": false, "username": "madeleine_kemajou1", "first_name": "", "last_name": "", "email": "madeleine.kemajou@gmail.com", "is_staff": false, "date_joined": "2025-03-13T12:56:25.467Z", "adresse": null, "telephone": "+237684357706", "role": "client", "is_active": true, "date_creation": "2025-03-13T12:56:25.467Z", "date_mise_a_jour": "2025-03-13T12:56:25.467Z", "is_banned": false, "groups": [], "user_permissions": []}}, {"model": "api.utilisateur", "fields": {"password": "pbkdf2_sha256$870000$KliUVM4lUyCurhp3XNNLoN$X9ygR3Z3KAsPPExUiRzDT9cwPLoznj/TJf15n+CpAWk=", "last_login": null, "is_superuser": false, "username": "madeleine_tchami2", "first_name": "", "last_name": "", "email": "madeleine.tchami@gmail.com", "is_staff": false, "date_joined": "2025-03-13T12:56:25.711Z", "adresse": null, "telephone": "+237671601526", "role": "client", "is_active": true, "date_creation": "2025-03-13T12:56:25.711Z", "date_mise_a_jour": "2025-03-13T12:56:25.711Z", "is_banned": false, "groups": [], "user_permissions": []}}, {"model": "api.utilisateur", "fields": {"password": "pbkdf2_sha256$870000$6DiwW4d0nbowttXC86xQKs$k8VbYRVsukDyEjJOlca0j/AwK1M1TrKpjwnvmwuYV8o=", "last_login": null, "is_superuser": false, "username": "pierre_fotso3", "first_name": "", "last_name": "", "email": "pierre.fotso@gmail.com", "is_staff": false, "date_joined": "2025-03-13T12:56:25.970Z", "adresse": null, "telephone": "+237673319350", "role": "client", "is_active": true, "date_creation": "2025-03-13T12:56:25.970Z", "date_mise_a_jour": "2025-03-13T12:56:25.970Z", "is_banned": false, "groups": [], "user_permissions": []}}, {"model": "api.utilisateur", "fields": {"password": "pbkdf2_sha256$870000$jL3NxzgJ6ynSVufjA86T6s$zCvWbPf3s28vy25QVtUEy+ABSPkjVq8gfVXoU8ju3sw=", "last_login": null, "is_superuser": false, "username": "patrick_ngu4", "first_name": "", "last_name": "", "email": "patrick.ngu@gmail.com", "is_staff": false, "date_joined": "2025-03-13T12:56:26.225Z", "adresse": null, "telephone": "+237698878345", "role": "client", "is_active": true, "date_creation": "2025-03-13T12:56:26.225Z", "date_mise_a_jour": "2025-03-13T12:56:26.225Z", "is_banned": false, "groups": [], "user_permissions": []}}, {"model": "api.utilisateur", "fields": {"password": "pbkdf2_sha256$870000$4LsYnbvRoF0e13Px4l941x$cS7YQ3WYe7Ei7sIZ6DGzq2K4iCFUl26AciEovtcHkiw=", "last_login": null, "is_superuser": false, "username": "franþois_manga5", "first_name": "", "last_name": "", "email": "franþois.manga@gmail.com", "is_staff": false, "date_joined": "2025-03-13T12:56:26.488Z", "adresse": null, "telephone": "+237670842146", "role": "client", "is_active": true, "date_creation": "2025-03-13T12:56:26.488Z", "date_mise_a_jour": "2025-03-13T12:56:26.488Z", "is_banned": false, "groups": [], "user_permissions": []}}, {"model": "api.utilisateur", "fields": {"password": "pbkdf2_sha256$870000$yySXE2r2OFq9ZU7FkVKbgK$OH8ggkXRIoKS6JVv7/O7ZLnb5mB/3Yox113x6U/Errw=", "last_login": null, "is_superuser": false, "username": "pierre_mbarga6", "first_name": "", "last_name": "", "email": "pierre.mbarga@gmail.com", "is_staff": false, "date_joined": "2025-03-13T12:56:26.744Z", "adresse": null, "telephone": "+237672224730", "role": "client", "is_active": true, "date_creation": "2025-03-13T12:56:26.744Z", "date_mise_a_jour": "2025-03-13T12:56:26.744Z", "is_banned": false, "groups": [], "user_permissions": []}}, {"model": "api.utilisateur", "fields": {"password": "pbkdf2_sha256$870000$qIrS7phMYYT0KWwBcSuXzJ$rIhAGsRI+PBgXSUNuqB1qX/1w/WxIxakt93InE++RSk=", "last_login": null, "is_superuser": false, "username": "esther_njoya7", "first_name": "", "last_name": "", "email": "esther.njoya@gmail.com", "is_staff": false, "date_joined": "2025-03-13T12:56:26.992Z", "adresse": null, "telephone": "+237682436872", "role": "client", "is_active": true, "date_creation": "2025-03-13T12:56:26.992Z", "date_mise_a_jour": "2025-03-13T12:56:26.992Z", "is_banned": false, "groups": [], "user_permissions": []}}, {"model": "api.utilisateur", "fields": {"password": "pbkdf2_sha256$870000$w1JvrITVkQm1rSOTWHOA5f$seHP/cxHV1qATNKM0y0EkeefdzvDewEX0nZBsFOM+zk=", "last_login": null, "is_superuser": false, "username": "grace_njoya8", "first_name": "", "last_name": "", "email": "grace.njoya@gmail.com", "is_staff": false, "date_joined": "2025-03-13T12:56:27.247Z", "adresse": null, "telephone": "+237689107303", "role": "client", "is_active": true, "date_creation": "2025-03-13T12:56:27.247Z", "date_mise_a_jour": "2025-03-13T12:56:27.247Z", "is_banned": false, "groups": [], "user_permissions": []}}, {"model": "api.utilisateur", "fields": {"password": "pbkdf2_sha256$870000$bcksiZbh7DjLsOpz9Mzo5O$qby3ZKWroyf7l8jYTgFGuZICqjZ5vcFLslPSq32aXb0=", "last_login": null, "is_superuser": false, "username": "franþois_abanda9", "first_name": "", "last_name": "", "email": "franþois.abanda@gmail.com", "is_staff": false, "date_joined": "2025-03-13T12:56:27.512Z", "adresse": null, "telephone": "+237681982561", "role": "client", "is_active": true, "date_creation": "2025-03-13T12:56:27.512Z", "date_mise_a_jour": "2025-03-13T12:56:27.512Z", "is_banned": false, "groups": [], "user_permissions": []}}, {"model": "api.utilisateur", "fields": {"password": "pbkdf2_sha256$870000$vSbdh6O2XA6mfDlCcrHeIg$b1gNNGFN4qI/2Q+7rVcmy7vGVs539BEGgqqs4U9Pnyk=", "last_login": null, "is_superuser": false, "username": "isaac_djoum10", "first_name": "", "last_name": "", "email": "isaac.djoum@gmail.com", "is_staff": false, "date_joined": "2025-03-13T12:56:27.760Z", "adresse": null, "telephone": "+237678188827", "role": "client", "is_active": true, "date_creation": "2025-03-13T12:56:27.760Z", "date_mise_a_jour": "2025-03-13T12:56:27.760Z", "is_banned": false, "groups": [], "user_permissions": []}}, {"model": "api.utilisateur", "fields": {"password": "pbkdf2_sha256$870000$y0whn2MVNsZ2r2PpVpHpT2$flBDjmTbDtqfYh+upaQ+jhRWnbQIrJxukg9ZNTb8t0U=", "last_login": null, "is_superuser": false, "username": "michel_nkoulou11", "first_name": "", "last_name": "", "email": "michel.nkoulou@gmail.com", "is_staff": false, "date_joined": "2025-03-13T12:56:28.009Z", "adresse": null, "telephone": "+237673162782", "role": "client", "is_active": true, "date_creation": "2025-03-13T12:56:28.009Z", "date_mise_a_jour": "2025-03-13T12:56:28.009Z", "is_banned": false, "groups": [], "user_permissions": []}}, {"model": "api.utilisateur", "fields": {"password": "pbkdf2_sha256$870000$Khy6lSGGmbZdBxkLjrEuXQ$0HU6yQtVAULpNp9aQAwwrLkRVopuenDtnT/nuw8t1h8=", "last_login": null, "is_superuser": false, "username": "franþois_ekambi12", "first_name": "", "last_name": "", "email": "franþois.ekambi@gmail.com", "is_staff": false, "date_joined": "2025-03-13T12:56:28.263Z", "adresse": null, "telephone": "+237688247531", "role": "client", "is_active": true, "date_creation": "2025-03-13T12:56:28.279Z", "date_mise_a_jour": "2025-03-13T12:56:28.279Z", "is_banned": false, "groups": [], "user_permissions": []}}, {"model": "api.utilisateur", "fields": {"password": "pbkdf2_sha256$870000$yXKFGt1UHDRp3Ab5bKOFQU$6MIjeibUZI6IzLXA36XXpdi4vFG81Z4iPjVQ9AjyZvk=", "last_login": null, "is_superuser": false, "username": "jean_atangana13", "first_name": "", "last_name": "", "email": "jean.atangana@gmail.com", "is_staff": false, "date_joined": "2025-03-13T12:56:28.529Z", "adresse": null, "telephone": "+237695633527", "role": "client", "is_active": true, "date_creation": "2025-03-13T12:56:28.529Z", "date_mise_a_jour": "2025-03-13T12:56:28.529Z", "is_banned": false, "groups": [], "user_permissions": []}}, {"model": "api.utilisateur", "fields": {"password": "pbkdf2_sha256$870000$ZjZBZDN4ZdUTDMYPqiBYGI$OqxkouOFDJi0v3oIzQUq1bro1XG6YtLXwsY/cWGCLSo=", "last_login": null, "is_superuser": false, "username": "dorothÚe_bisseck14", "first_name": "", "last_name": "", "email": "dorothÚe.bisseck@gmail.com", "is_staff": false, "date_joined": "2025-03-13T12:56:28.782Z", "adresse": null, "telephone": "+237687390450", "role": "client", "is_active": true, "date_creation": "2025-03-13T12:56:28.782Z", "date_mise_a_jour": "2025-03-13T12:56:28.782Z", "is_banned": false, "groups": [], "user_permissions": []}}, {"model": "api.utilisateur", "fields": {"password": "pbkdf2_sha256$870000$KYi4L9D5J2d6NHOAKcJBRD$3lKYJWbCeWp+8OBV/J9b1wSTBciMZkTP3y16lo4ZyXM=", "last_login": null, "is_superuser": false, "username": "isaac_nkoulou15", "first_name": "", "last_name": "", "email": "isaac.nkoulou@gmail.com", "is_staff": false, "date_joined": "2025-03-13T12:56:29.044Z", "adresse": null, "telephone": "+237670753757", "role": "client", "is_active": true, "date_creation": "2025-03-13T12:56:29.044Z", "date_mise_a_jour": "2025-03-13T12:56:29.044Z", "is_banned": false, "groups": [], "user_permissions": []}}, {"model": "api.utilisateur", "fields": {"password": "pbkdf2_sha256$870000$o5rDvGeDBJbH6Zx3VCecc5$7L6fG+hfV/HnPj+tgy0a22ZS3wuG6dT+Lj/0VSW2nVc=", "last_login": null, "is_superuser": false, "username": "grace_bekolo16", "first_name": "", "last_name": "", "email": "grace.bekolo@gmail.com", "is_staff": false, "date_joined": "2025-03-13T12:56:29.307Z", "adresse": null, "telephone": "+237683328929", "role": "client", "is_active": true, "date_creation": "2025-03-13T12:56:29.307Z", "date_mise_a_jour": "2025-03-13T12:56:29.307Z", "is_banned": false, "groups": [], "user_permissions": []}}, {"model": "api.utilisateur", "fields": {"password": "pbkdf2_sha256$870000$xTWh8BqD8fj4gKXnDkqsEw$E6uFPQsklQAuFkj9MBbp7e227pxmgmbuxh9yhvfaDKk=", "last_login": null, "is_superuser": false, "username": "isaac_mbah17", "first_name": "", "last_name": "", "email": "isaac.mbah@gmail.com", "is_staff": false, "date_joined": "2025-03-13T12:56:29.546Z", "adresse": null, "telephone": "+237686417939", "role": "client", "is_active": true, "date_creation": "2025-03-13T12:56:29.546Z", "date_mise_a_jour": "2025-03-13T12:56:29.546Z", "is_banned": false, "groups": [], "user_permissions": []}}, {"model": "api.utilisateur", "fields": {"password": "pbkdf2_sha256$870000$D3u5Bq5lu50d4AvUPaHyew$6O80sYYYwUKORQ8uluqV+C5Kz7j7KE0uy0RYX48fehY=", "last_login": null, "is_superuser": false, "username": "esther_atangana18", "first_name": "", "last_name": "", "email": "esther.atangana@gmail.com", "is_staff": false, "date_joined": "2025-03-13T12:56:29.815Z", "adresse": null, "telephone": "+237692338146", "role": "client", "is_active": true, "date_creation": "2025-03-13T12:56:29.815Z", "date_mise_a_jour": "2025-03-13T12:56:29.815Z", "is_banned": false, "groups": [], "user_permissions": []}}, {"model": "api.utilisateur", "fields": {"password": "pbkdf2_sha256$870000$AHedyTGMty0eniX7j5QZWV$CcNLb/Ja5OSY6pNQdJzx9eEVfGCk5MuyhtAev3Ec9vE=", "last_login": null, "is_superuser": false, "username": "madeleine_mbodj19", "first_name": "", "last_name": "", "email": "madeleine.mbodj@gmail.com", "is_staff": false, "date_joined": "2025-03-13T12:56:30.063Z", "adresse": null, "telephone": "+237673286970", "role": "client", "is_active": true, "date_creation": "2025-03-13T12:56:30.063Z", "date_mise_a_jour": "2025-03-13T12:56:30.063Z", "is_banned": false, "groups": [], "user_permissions": []}}, {"model": "api.utilisateur", "fields": {"password": "pbkdf2_sha256$870000$J9wWFQhCdh1NNuM92wbL6a$rhzkJqZyFG1W+NQbR67YJUR9tYUtsv7zQ7vKh5DeMs4=", "last_login": null, "is_superuser": false, "username": "thomas_tchami20", "first_name": "", "last_name": "", "email": "thomas.tchami@gmail.com", "is_staff": false, "date_joined": "2025-03-13T12:56:30.319Z", "adresse": null, "telephone": "+237685296372", "role": "client", "is_active": true, "date_creation": "2025-03-13T12:56:30.319Z", "date_mise_a_jour": "2025-03-13T12:56:30.319Z", "is_banned": false, "groups": [], "user_permissions": []}}, {"model": "api.utilisateur", "fields": {"password": "pbkdf2_sha256$870000$ajPVliRYl8kjvQ9uQ34hNf$Y38viagXECBlDDzE34Ty0whUvJmXspk5XPm+4neuqwA=", "last_login": null, "is_superuser": false, "username": "esther_nguele21", "first_name": "", "last_name": "", "email": "esther.nguele@gmail.com", "is_staff": false, "date_joined": "2025-03-13T12:56:30.581Z", "adresse": null, "telephone": "+237676523426", "role": "client", "is_active": true, "date_creation": "2025-03-13T12:56:30.581Z", "date_mise_a_jour": "2025-03-13T12:56:30.581Z", "is_banned": false, "groups": [], "user_permissions": []}}, {"model": "api.utilisateur", "fields": {"password": "pbkdf2_sha256$870000$b3SsKZ0P3BoVh4u2qAKXWm$NCtUTYpwCj/VfeMTVHJfNn7tFQz15UR11B6DOiS8UAo=", "last_login": null, "is_superuser": false, "username": "paul_nguele22", "first_name": "", "last_name": "", "email": "paul.nguele@gmail.com", "is_staff": false, "date_joined": "2025-03-13T12:56:30.845Z", "adresse": null, "telephone": "+237688179047", "role": "client", "is_active": true, "date_creation": "2025-03-13T12:56:30.845Z", "date_mise_a_jour": "2025-03-13T12:56:30.845Z", "is_banned": false, "groups": [], "user_permissions": []}}, {"model": "api.utilisateur", "fields": {"password": "pbkdf2_sha256$870000$4xdfrnIO1vjW7LQD467ssN$7ROE/bvt9HhjemNTfnXT0tmom4xMVw90lEEDzB/MFHs=", "last_login": null, "is_superuser": false, "username": "anne_mbodj23", "first_name": "", "last_name": "", "email": "anne.mbodj@gmail.com", "is_staff": false, "date_joined": "2025-03-13T12:56:31.100Z", "adresse": null, "telephone": "+237680141650", "role": "client", "is_active": true, "date_creation": "2025-03-13T12:56:31.100Z", "date_mise_a_jour": "2025-03-13T12:56:31.100Z", "is_banned": false, "groups": [], "user_permissions": []}}, {"model": "api.utilisateur", "fields": {"password": "pbkdf2_sha256$870000$dKVzn3cWKD4sWAtaOBpNi2$asTgaeoqqY20ynUeLEvDmPFZiN05o5J+a2m/LogFN3o=", "last_login": null, "is_superuser": false, "username": "pierre_biya24", "first_name": "", "last_name": "", "email": "pierre.biya@gmail.com", "is_staff": false, "date_joined": "2025-03-13T12:56:31.352Z", "adresse": null, "telephone": "+237674557129", "role": "client", "is_active": true, "date_creation": "2025-03-13T12:56:31.352Z", "date_mise_a_jour": "2025-03-13T12:56:31.352Z", "is_banned": false, "groups": [], "user_permissions": []}}, {"model": "api.utilisateur", "fields": {"password": "pbkdf2_sha256$870000$XCczLv89ZrpaG0nxZdPOUh$5t2jaznS0CLzNJqT+ZzO/TOJv61MVxqUWDOPKSZZ1Qo=", "last_login": null, "is_superuser": false, "username": "clÚment_ngono25", "first_name": "", "last_name": "", "email": "clÚment.ngono@gmail.com", "is_staff": false, "date_joined": "2025-03-13T12:56:31.618Z", "adresse": null, "telephone": "+237675775905", "role": "client", "is_active": true, "date_creation": "2025-03-13T12:56:31.618Z", "date_mise_a_jour": "2025-03-13T12:56:31.618Z", "is_banned": false, "groups": [], "user_permissions": []}}, {"model": "api.utilisateur", "fields": {"password": "pbkdf2_sha256$870000$MYYbUO5ynsRnpioWbbhfg1$HYuQLwrFxYM21VtNa0oSK3K2DfsSaKkKWpr0fpP65Zk=", "last_login": null, "is_superuser": false, "username": "julie_njoya26", "first_name": "", "last_name": "", "email": "julie.njoya@gmail.com", "is_staff": false, "date_joined": "2025-03-13T12:56:31.856Z", "adresse": null, "telephone": "+237690233696", "role": "client", "is_active": true, "date_creation": "2025-03-13T12:56:31.872Z", "date_mise_a_jour": "2025-03-13T12:56:31.872Z", "is_banned": false, "groups": [], "user_permissions": []}}, {"model": "api.utilisateur", "fields": {"password": "pbkdf2_sha256$870000$XK1OdBQlAh8F1VReuzaln5$9/DLwAknAKbvLbmMFx3hR6WOFUs3u4Amk60fPFa5z3I=", "last_login": null, "is_superuser": false, "username": "martine_ondoa27", "first_name": "", "last_name": "", "email": "martine.ondoa@gmail.com", "is_staff": false, "date_joined": "2025-03-13T12:56:32.112Z", "adresse": null, "telephone": "+237673867371", "role": "client", "is_active": true, "date_creation": "2025-03-13T12:56:32.112Z", "date_mise_a_jour": "2025-03-13T12:56:32.112Z", "is_banned": false, "groups": [], "user_permissions": []}}, {"model": "api.utilisateur", "fields": {"password": "pbkdf2_sha256$870000$lStHUVrBEzISn7rnUBH9tq$Fe3QGQP0aFS4fZw7LvDP6kNMxcWGoUfgtE07Z9QKdEc=", "last_login": null, "is_superuser": false, "username": "anne_djoum28", "first_name": "", "last_name": "", "email": "anne.djoum@gmail.com", "is_staff": false, "date_joined": "2025-03-13T12:56:32.387Z", "adresse": null, "telephone": "+237688856204", "role": "client", "is_active": true, "date_creation": "2025-03-13T12:56:32.389Z", "date_mise_a_jour": "2025-03-13T12:56:32.389Z", "is_banned": false, "groups": [], "user_permissions": []}}, {"model": "api.utilisateur", "fields": {"password": "pbkdf2_sha256$870000$fwu9CwaCaJH7vsPYiNMMuO$15QhC6faYmX1gadDWNvtvG59WKCSPCPnVLylUabi91g=", "last_login": null, "is_superuser": false, "username": "martine_ondoa29", "first_name": "", "last_name": "", "email": "martine.ondoa@gmail.com", "is_staff": false, "date_joined": "2025-03-13T12:56:32.644Z", "adresse": null, "telephone": "+237693636473", "role": "client", "is_active": true, "date_creation": "2025-03-13T12:56:32.644Z", "date_mise_a_jour": "2025-03-13T12:56:32.644Z", "is_banned": false, "groups": [], "user_permissions": []}}, {"model": "api.utilisateur", "fields": {"password": "pbkdf2_sha256$870000$FggBlnmg001QRQAkJ8ErMK$tRupQ/3UyP6uLZLwm0Xgpq2k+9r+sUoAQWJSn+VSpbg=", "last_login": null, "is_superuser": false, "username": "esther_bisseck30", "first_name": "", "last_name": "", "email": "esther.bisseck@gmail.com", "is_staff": false, "date_joined": "2025-03-13T12:56:32.890Z", "adresse": null, "telephone": "+237689145133", "role": "client", "is_active": true, "date_creation": "2025-03-13T12:56:32.890Z", "date_mise_a_jour": "2025-03-13T12:56:32.890Z", "is_banned": false, "groups": [], "user_permissions": []}}, {"model": "api.utilisateur", "fields": {"password": "pbkdf2_sha256$870000$Fm804FD27HS1Fg2vKiW0FJ$T5WchgV04BzFHHxHfHFEksq+EO/N+jAOAL0DoZuyjgs=", "last_login": null, "is_superuser": false, "username": "christine_essomba31", "first_name": "", "last_name": "", "email": "christine.essomba@gmail.com", "is_staff": false, "date_joined": "2025-03-13T12:56:33.153Z", "adresse": null, "telephone": "+237692306645", "role": "client", "is_active": true, "date_creation": "2025-03-13T12:56:33.153Z", "date_mise_a_jour": "2025-03-13T12:56:33.153Z", "is_banned": false, "groups": [], "user_permissions": []}}, {"model": "api.utilisateur", "fields": {"password": "pbkdf2_sha256$870000$5Gxw6tG1GaYZDvvza8dJmW$dfrEQ+lpbFKxuePnA2cjJTnjzTnaK494ENtE7wA6WFA=", "last_login": null, "is_superuser": false, "username": "franþois_tchami32", "first_name": "", "last_name": "", "email": "franþois.tchami@gmail.com", "is_staff": false, "date_joined": "2025-03-13T12:56:33.408Z", "adresse": null, "telephone": "+237694544217", "role": "client", "is_active": true, "date_creation": "2025-03-13T12:56:33.408Z", "date_mise_a_jour": "2025-03-13T12:56:33.408Z", "is_banned": false, "groups": [], "user_permissions": []}}, {"model": "api.utilisateur", "fields": {"password": "pbkdf2_sha256$870000$4jxDBgJYnDrGy1Oi2EeePA$hZR0/2qp/6/KQnOtYtMZLb3fRSXC2rDLriCGWT3WY5U=", "last_login": null, "is_superuser": false, "username": "esther_ndzie33", "first_name": "", "last_name": "", "email": "esther.ndzie@gmail.com", "is_staff": false, "date_joined": "2025-03-13T12:56:33.668Z", "adresse": null, "telephone": "+237677613210", "role": "client", "is_active": true, "date_creation": "2025-03-13T12:56:33.668Z", "date_mise_a_jour": "2025-03-13T12:56:33.668Z", "is_banned": false, "groups": [], "user_permissions": []}}, {"model": "api.utilisateur", "fields": {"password": "pbkdf2_sha256$870000$07Wlm9clkLTyb0yl2NEtxw$1LNRiztcT78n5Wv4iWM3EK3U4+meNC9vQVuKe/u+Ssw=", "last_login": null, "is_superuser": false, "username": "christine_tchoupo34", "first_name": "", "last_name": "", "email": "christine.tchoupo@gmail.com", "is_staff": false, "date_joined": "2025-03-13T12:56:33.926Z", "adresse": null, "telephone": "+237679604854", "role": "client", "is_active": true, "date_creation": "2025-03-13T12:56:33.926Z", "date_mise_a_jour": "2025-03-13T12:56:33.926Z", "is_banned": false, "groups": [], "user_permissions": []}}, {"model": "api.utilisateur", "fields": {"password": "pbkdf2_sha256$870000$exNdhniQD4CH3Hi871U0Qh$gSX8wPvgxpJC5lju29YzMIvv/Z6cYTeWKdcBZL7WELs=", "last_login": null, "is_superuser": false, "username": "isaac_nguele35", "first_name": "", "last_name": "", "email": "isaac.nguele@gmail.com", "is_staff": false, "date_joined": "2025-03-13T12:56:34.181Z", "adresse": null, "telephone": "+237678304883", "role": "client", "is_active": true, "date_creation": "2025-03-13T12:56:34.181Z", "date_mise_a_jour": "2025-03-13T12:56:34.181Z", "is_banned": false, "groups": [], "user_permissions": []}}, {"model": "api.utilisateur", "fields": {"password": "pbkdf2_sha256$870000$8z8pDDPLgR5HZVkXDZWKzX$7xTi7X919VMfQmc2/TuXsAxcxQdvOE+CVlOpsThnf8k=", "last_login": null, "is_superuser": false, "username": "patrick_zambo36", "first_name": "", "last_name": "", "email": "patrick.zambo@gmail.com", "is_staff": false, "date_joined": "2025-03-13T12:56:34.450Z", "adresse": null, "telephone": "+237687126354", "role": "client", "is_active": true, "date_creation": "2025-03-13T12:56:34.450Z", "date_mise_a_jour": "2025-03-13T12:56:34.450Z", "is_banned": false, "groups": [], "user_permissions": []}}, {"model": "api.utilisateur", "fields": {"password": "pbkdf2_sha256$870000$D4wREoTPX6Wff8c6NPzNZX$eKFYukDqOZ7XrEU6LS0dwAO0G8jLdXhg3VT3aUgGx+s=", "last_login": null, "is_superuser": false, "username": "andrÚ_manga37", "first_name": "", "last_name": "", "email": "andrÚ.manga@gmail.com", "is_staff": false, "date_joined": "2025-03-13T12:56:34.719Z", "adresse": null, "telephone": "+237673929632", "role": "client", "is_active": true, "date_creation": "2025-03-13T12:56:34.719Z", "date_mise_a_jour": "2025-03-13T12:56:34.719Z", "is_banned": false, "groups": [], "user_permissions": []}}, {"model": "api.utilisateur", "fields": {"password": "pbkdf2_sha256$870000$4zu3hZxDkjMbyopWWkkZsd$c3/nju/YysFOG46rg6YyTILNqxYwMNr61BhCB2eiNMw=", "last_login": null, "is_superuser": false, "username": "clÚment_fotso38", "first_name": "", "last_name": "", "email": "clÚment.fotso@gmail.com", "is_staff": false, "date_joined": "2025-03-13T12:56:34.985Z", "adresse": null, "telephone": "+237695148429", "role": "client", "is_active": true, "date_creation": "2025-03-13T12:56:34.985Z", "date_mise_a_jour": "2025-03-13T12:56:34.985Z", "is_banned": false, "groups": [], "user_permissions": []}}, {"model": "api.utilisateur", "fields": {"password": "pbkdf2_sha256$870000$1KznLbEfVoVWfD8GQdSKsQ$0urSjKNObnSvWByzw8OwHJT9YBhghSSWl3hetYoDxyw=", "last_login": null, "is_superuser": false, "username": "esther_fotso39", "first_name": "", "last_name": "", "email": "esther.fotso@gmail.com", "is_staff": false, "date_joined": "2025-03-13T12:56:35.247Z", "adresse": null, "telephone": "+237683363483", "role": "client", "is_active": true, "date_creation": "2025-03-13T12:56:35.247Z", "date_mise_a_jour": "2025-03-13T12:56:35.247Z", "is_banned": false, "groups": [], "user_permissions": []}}, {"model": "api.utilisateur", "fields": {"password": "pbkdf2_sha256$870000$IVuXhkVAGBL2RHLIZbMqtt$xkWGvEBifud0zsiDPWe6dYFLnhBPNwBLeWVGeQcvubc=", "last_login": null, "is_superuser": false, "username": "isaac_ngu40", "first_name": "", "last_name": "", "email": "isaac.ngu@gmail.com", "is_staff": false, "date_joined": "2025-03-13T12:56:35.503Z", "adresse": null, "telephone": "+237698426210", "role": "client", "is_active": true, "date_creation": "2025-03-13T12:56:35.503Z", "date_mise_a_jour": "2025-03-13T12:56:35.503Z", "is_banned": false, "groups": [], "user_permissions": []}}, {"model": "api.utilisateur", "fields": {"password": "pbkdf2_sha256$870000$5LDeIqUggNKTD0C3q0HO4p$H76alw9pSw1TbrL6MNrHaNuyFhOScSwz15HBbniEWzQ=", "last_login": null, "is_superuser": false, "username": "pierre_bisseck41", "first_name": "", "last_name": "", "email": "pierre.bisseck@gmail.com", "is_staff": false, "date_joined": "2025-03-13T12:56:35.756Z", "adresse": null, "telephone": "+237689101161", "role": "client", "is_active": true, "date_creation": "2025-03-13T12:56:35.756Z", "date_mise_a_jour": "2025-03-13T12:56:35.756Z", "is_banned": false, "groups": [], "user_permissions": []}}, {"model": "api.utilisateur", "fields": {"password": "pbkdf2_sha256$870000$wq59SKefN2I3nPRv1bGzOv$OAxbpkmeg2a4DYNdzS1Mb38Sd4A1oDzhCPcbpZSUZvE=", "last_login": null, "is_superuser": false, "username": "esther_essomba42", "first_name": "", "last_name": "", "email": "esther.essomba@gmail.com", "is_staff": false, "date_joined": "2025-03-13T12:56:36.029Z", "adresse": null, "telephone": "+237687905164", "role": "client", "is_active": true, "date_creation": "2025-03-13T12:56:36.029Z", "date_mise_a_jour": "2025-03-13T12:56:36.029Z", "is_banned": false, "groups": [], "user_permissions": []}}, {"model": "api.utilisateur", "fields": {"password": "pbkdf2_sha256$870000$cDw0JSAWhtgFCy64DISA9V$We4Y8yxwQYiUv7ENgwR5Cl8APTAU0d6XvnvmrVaODIc=", "last_login": null, "is_superuser": false, "username": "david_ndongo43", "first_name": "", "last_name": "", "email": "david.ndongo@gmail.com", "is_staff": false, "date_joined": "2025-03-13T12:56:36.290Z", "adresse": null, "telephone": "+237672612167", "role": "client", "is_active": true, "date_creation": "2025-03-13T12:56:36.290Z", "date_mise_a_jour": "2025-03-13T12:56:36.290Z", "is_banned": false, "groups": [], "user_permissions": []}}, {"model": "api.utilisateur", "fields": {"password": "pbkdf2_sha256$870000$6ys9UEhsxGYVaTSb3wyGyh$6DkxCXa6m4SfsCqZkrQ4Tb1D6cBn7QdkpdMOlMY4LPc=", "last_login": null, "is_superuser": false, "username": "grace_ekambi44", "first_name": "", "last_name": "", "email": "grace.ekambi@gmail.com", "is_staff": false, "date_joined": "2025-03-13T12:56:36.557Z", "adresse": null, "telephone": "+237683556280", "role": "client", "is_active": true, "date_creation": "2025-03-13T12:56:36.557Z", "date_mise_a_jour": "2025-03-13T12:56:36.557Z", "is_banned": false, "groups": [], "user_permissions": []}}, {"model": "api.utilisateur", "fields": {"password": "pbkdf2_sha256$870000$kgDevJ24X15XpLI1bb9OGO$fr85B1hHqzv2udmR8I5YH7+8RD7dODpM4v8itLcApgs=", "last_login": null, "is_superuser": false, "username": "brigitte_ndzie45", "first_name": "", "last_name": "", "email": "brigitte.ndzie@gmail.com", "is_staff": false, "date_joined": "2025-03-13T12:56:36.821Z", "adresse": null, "telephone": "+237696336739", "role": "client", "is_active": true, "date_creation": "2025-03-13T12:56:36.821Z", "date_mise_a_jour": "2025-03-13T12:56:36.821Z", "is_banned": false, "groups": [], "user_permissions": []}}, {"model": "api.utilisateur", "fields": {"password": "pbkdf2_sha256$870000$E8oRtv1lFPmjW17USMSkRL$6sBiwl7mxNbMap06l07hmmRMea9RtCr/C9/ydoVHgeE=", "last_login": null, "is_superuser": false, "username": "rose_ondoa46", "first_name": "", "last_name": "", "email": "rose.ondoa@gmail.com", "is_staff": false, "date_joined": "2025-03-13T12:56:37.064Z", "adresse": null, "telephone": "+237683687772", "role": "client", "is_active": true, "date_creation": "2025-03-13T12:56:37.064Z", "date_mise_a_jour": "2025-03-13T12:56:37.064Z", "is_banned": false, "groups": [], "user_permissions": []}}, {"model": "api.utilisateur", "fields": {"password": "pbkdf2_sha256$870000$hjRXa7D9chjEUOhngflZxD$vCdhhLwwS579gZ1/CMj4BZxPwDIO/zCCdv3FQyPBSlE=", "last_login": null, "is_superuser": false, "username": "grace_atangana47", "first_name": "", "last_name": "", "email": "grace.atangana@gmail.com", "is_staff": false, "date_joined": "2025-03-13T12:56:37.340Z", "adresse": null, "telephone": "+237688879861", "role": "client", "is_active": true, "date_creation": "2025-03-13T12:56:37.340Z", "date_mise_a_jour": "2025-03-13T12:56:37.340Z", "is_banned": false, "groups": [], "user_permissions": []}}, {"model": "api.utilisateur", "fields": {"password": "pbkdf2_sha256$870000$ZNLHN6RYrP6dd2SictgjCx$rzcSPgT5gqchCF5Msc57ecYHsIk/yCzIjrHfBGtCTYs=", "last_login": null, "is_superuser": false, "username": "brigitte_tchoupo48", "first_name": "", "last_name": "", "email": "brigitte.tchoupo@gmail.com", "is_staff": false, "date_joined": "2025-03-13T12:56:37.602Z", "adresse": null, "telephone": "+237673982119", "role": "client", "is_active": true, "date_creation": "2025-03-13T12:56:37.602Z", "date_mise_a_jour": "2025-03-13T12:56:37.602Z", "is_banned": false, "groups": [], "user_permissions": []}}, {"model": "api.utilisateur", "fields": {"password": "pbkdf2_sha256$870000$1K94mDntEyYu3uI0CHdh1s$OsGseuavp88783Wt/pGR8OWBNu2cU00A9Z4FHdTzm8M=", "last_login": null, "is_superuser": false, "username": "grace_talla49", "first_name": "", "last_name": "", "email": "grace.talla@gmail.com", "is_staff": false, "date_joined": "2025-03-13T12:56:37.855Z", "adresse": null, "telephone": "+237681522985", "role": "client", "is_active": true, "date_creation": "2025-03-13T12:56:37.855Z", "date_mise_a_jour": "2025-03-13T12:56:37.855Z", "is_banned": false, "groups": [], "user_permissions": []}}, {"model": "api.utilisateur", "fields": {"password": "pbkdf2_sha256$870000$h29MOycWxOMNVWelv2yIxC$so/kH9XN9zPrGZ/YsSgA/FcOd2ij3lJRFVWeWej1+vE=", "last_login": null, "is_superuser": false, "username": "NoxTheTheenager", "first_name": "", "last_name": "", "email": "nguetsajunior@gmail.com", "is_staff": false, "date_joined": "2025-03-19T15:58:01.861Z", "adresse": null, "telephone": null, "role": "client", "is_active": true, "date_creation": "2025-03-19T15:58:02.710Z", "date_mise_a_jour": "2025-03-19T15:58:49.553Z", "is_banned": false, "groups": [], "user_permissions": []}}, {"model": "api.otp", "pk": 1, "fields": {"utilisateur": ["NoxTheTheenager"], "code": "574740", "date_creation": "2025-03-19T15:58:02.751Z", "expiration": "2025-03-19T16:08:02.751Z", "is_used": true}}, {"model": "api.panier", "pk": 109, "fields": {"client": ["dorothÚe_ndongo0"], "date_creation": "2025-03-13T12:56:37.945Z", "date_mise_a_jour": "2025-03-13T12:56:37.945Z"}}, {"model": "api.panier", "pk": 110, "fields": {"client": ["madeleine_kemajou1"], "date_creation": "2025-03-13T12:56:37.947Z", "date_mise_a_jour": "2025-03-13T12:56:37.947Z"}}, {"model": "api.panier", "pk": 111, "fields": {"client": ["madeleine_tchami2"], "date_creation": "2025-03-13T12:56:37.951Z", "date_mise_a_jour": "2025-03-13T12:56:37.951Z"}}, {"model": "api.panier", "pk": 112, "fields": {"client": ["pierre_fotso3"], "date_creation": "2025-03-13T12:56:37.952Z", "date_mise_a_jour": "2025-03-13T12:56:37.952Z"}}, {"model": "api.panier", "pk": 113, "fields": {"client": ["patrick_ngu4"], "date_creation": "2025-03-13T12:56:37.953Z", "date_mise_a_jour": "2025-03-13T12:56:37.953Z"}}, {"model": "api.panier", "pk": 114, "fields": {"client": ["franþois_manga5"], "date_creation": "2025-03-13T12:56:37.955Z", "date_mise_a_jour": "2025-03-13T12:56:37.955Z"}}, {"model": "api.panier", "pk": 115, "fields": {"client": ["pierre_mbarga6"], "date_creation": "2025-03-13T12:56:37.958Z", "date_mise_a_jour": "2025-03-13T12:56:37.958Z"}}, {"model": "api.panier", "pk": 116, "fields": {"client": ["esther_njoya7"], "date_creation": "2025-03-13T12:56:37.958Z", "date_mise_a_jour": "2025-03-13T12:56:37.958Z"}}, {"model": "api.panier", "pk": 117, "fields": {"client": ["grace_njoya8"], "date_creation": "2025-03-13T12:56:37.959Z", "date_mise_a_jour": "2025-03-13T12:56:37.959Z"}}, {"model": "api.panier", "pk": 118, "fields": {"client": ["franþois_abanda9"], "date_creation": "2025-03-13T12:56:37.959Z", "date_mise_a_jour": "2025-03-13T12:56:37.959Z"}}, {"model": "api.panier", "pk": 119, "fields": {"client": ["isaac_djoum10"], "date_creation": "2025-03-13T12:56:37.959Z", "date_mise_a_jour": "2025-03-13T12:56:37.959Z"}}, {"model": "api.panier", "pk": 120, "fields": {"client": ["michel_nkoulou11"], "date_creation": "2025-03-13T12:56:37.959Z", "date_mise_a_jour": "2025-03-13T12:56:37.959Z"}}, {"model": "api.panier", "pk": 121, "fields": {"client": ["franþois_ekambi12"], "date_creation": "2025-03-13T12:56:37.959Z", "date_mise_a_jour": "2025-03-13T12:56:37.959Z"}}, {"model": "api.panier", "pk": 122, "fields": {"client": ["jean_atangana13"], "date_creation": "2025-03-13T12:56:37.959Z", "date_mise_a_jour": "2025-03-13T12:56:37.959Z"}}, {"model": "api.panier", "pk": 123, "fields": {"client": ["dorothÚe_bisseck14"], "date_creation": "2025-03-13T12:56:37.959Z", "date_mise_a_jour": "2025-03-13T12:56:37.959Z"}}, {"model": "api.panier", "pk": 124, "fields": {"client": ["isaac_nkoulou15"], "date_creation": "2025-03-13T12:56:37.959Z", "date_mise_a_jour": "2025-03-13T12:56:37.959Z"}}, {"model": "api.panier", "pk": 125, "fields": {"client": ["grace_bekolo16"], "date_creation": "2025-03-13T12:56:37.973Z", "date_mise_a_jour": "2025-03-13T12:56:37.973Z"}}, {"model": "api.panier", "pk": 126, "fields": {"client": ["isaac_mbah17"], "date_creation": "2025-03-13T12:56:37.974Z", "date_mise_a_jour": "2025-03-13T12:56:37.974Z"}}, {"model": "api.panier", "pk": 127, "fields": {"client": ["esther_atangana18"], "date_creation": "2025-03-13T12:56:37.977Z", "date_mise_a_jour": "2025-03-13T12:56:37.977Z"}}, {"model": "api.panier", "pk": 128, "fields": {"client": ["madeleine_mbodj19"], "date_creation": "2025-03-13T12:56:37.977Z", "date_mise_a_jour": "2025-03-13T12:56:37.977Z"}}, {"model": "api.panier", "pk": 129, "fields": {"client": ["thomas_tchami20"], "date_creation": "2025-03-13T12:56:37.977Z", "date_mise_a_jour": "2025-03-13T12:56:37.977Z"}}, {"model": "api.panier", "pk": 130, "fields": {"client": ["esther_nguele21"], "date_creation": "2025-03-13T12:56:37.977Z", "date_mise_a_jour": "2025-03-13T12:56:37.977Z"}}, {"model": "api.panier", "pk": 131, "fields": {"client": ["paul_nguele22"], "date_creation": "2025-03-13T12:56:37.977Z", "date_mise_a_jour": "2025-03-13T12:56:37.977Z"}}, {"model": "api.panier", "pk": 132, "fields": {"client": ["anne_mbodj23"], "date_creation": "2025-03-13T12:56:37.977Z", "date_mise_a_jour": "2025-03-13T12:56:37.977Z"}}, {"model": "api.panier", "pk": 133, "fields": {"client": ["pierre_biya24"], "date_creation": "2025-03-13T12:56:37.989Z", "date_mise_a_jour": "2025-03-13T12:56:37.989Z"}}, {"model": "api.panier", "pk": 134, "fields": {"client": ["clÚment_ngono25"], "date_creation": "2025-03-13T12:56:37.991Z", "date_mise_a_jour": "2025-03-13T12:56:37.991Z"}}, {"model": "api.panier", "pk": 135, "fields": {"client": ["julie_njoya26"], "date_creation": "2025-03-13T12:56:37.991Z", "date_mise_a_jour": "2025-03-13T12:56:37.991Z"}}, {"model": "api.panier", "pk": 136, "fields": {"client": ["martine_ondoa27"], "date_creation": "2025-03-13T12:56:37.991Z", "date_mise_a_jour": "2025-03-13T12:56:37.991Z"}}, {"model": "api.panier", "pk": 137, "fields": {"client": ["anne_djoum28"], "date_creation": "2025-03-13T12:56:37.991Z", "date_mise_a_jour": "2025-03-13T12:56:37.991Z"}}, {"model": "api.panier", "pk": 138, "fields": {"client": ["NoxTheTheenager"], "date_creation": "2025-03-19T15:59:17.635Z", "date_mise_a_jour": "2025-03-19T15:59:17.635Z"}}, {"model": "api.devis", "pk": 58, "fields": {"client": ["dorothÚe_ndongo0"], "service": 20, "description": "Devis pour Consultation florale par dorothÚe_ndongo0", "date_demande": "2025-03-13T12:56:38.183Z", "statut": "en_attente", "prix_propose": null, "date_mise_a_jour": "2025-03-13T12:56:38.183Z", "is_active": true}}, {"model": "api.devis", "pk": 59, "fields": {"client": ["madeleine_kemajou1"], "service": 17, "description": "Devis pour Arrangements funÚraires par madeleine_kemajou1", "date_demande": "2025-03-13T12:56:38.183Z", "statut": "en_attente", "prix_propose": null, "date_mise_a_jour": "2025-03-13T12:56:38.183Z", "is_active": true}}, {"model": "api.devis", "pk": 60, "fields": {"client": ["madeleine_tchami2"], "service": 20, "description": "Devis pour Consultation florale par madeleine_tchami2", "date_demande": "2025-03-13T12:56:38.184Z", "statut": "en_attente", "prix_propose": null, "date_mise_a_jour": "2025-03-13T12:56:38.184Z", "is_active": true}}, {"model": "api.devis", "pk": 61, "fields": {"client": ["pierre_fotso3"], "service": 20, "description": "Devis pour Consultation florale par pierre_fotso3", "date_demande": "2025-03-13T12:56:38.184Z", "statut": "en_attente", "prix_propose": null, "date_mise_a_jour": "2025-03-13T12:56:38.184Z", "is_active": true}}, {"model": "api.devis", "pk": 62, "fields": {"client": ["patrick_ngu4"], "service": 20, "description": "Devis pour Consultation florale par patrick_ngu4", "date_demande": "2025-03-13T12:56:38.184Z", "statut": "en_attente", "prix_propose": null, "date_mise_a_jour": "2025-03-13T12:56:38.184Z", "is_active": true}}, {"model": "api.devis", "pk": 63, "fields": {"client": ["franþois_manga5"], "service": 19, "description": "Devis pour Livraison express fleurs par franþois_manga5", "date_demande": "2025-03-13T12:56:38.184Z", "statut": "refuse", "prix_propose": null, "date_mise_a_jour": "2025-03-13T12:56:38.184Z", "is_active": true}}, {"model": "api.devis", "pk": 64, "fields": {"client": ["pierre_mbarga6"], "service": 16, "description": "Devis pour DÚcoration florale mariage par pierre_mbarga6", "date_demande": "2025-03-13T12:56:38.185Z", "statut": "en_attente", "prix_propose": null, "date_mise_a_jour": "2025-03-13T12:56:38.185Z", "is_active": true}}, {"model": "api.devis", "pk": 65, "fields": {"client": ["esther_njoya7"], "service": 19, "description": "Devis pour Livraison express fleurs par esther_njoya7", "date_demande": "2025-03-13T12:56:38.185Z", "statut": "accepte", "prix_propose": null, "date_mise_a_jour": "2025-03-13T12:56:38.185Z", "is_active": true}}, {"model": "api.devis", "pk": 66, "fields": {"client": ["grace_njoya8"], "service": 17, "description": "Devis pour Arrangements funÚraires par grace_njoya8", "date_demande": "2025-03-13T12:56:38.185Z", "statut": "refuse", "prix_propose": null, "date_mise_a_jour": "2025-03-13T12:56:38.185Z", "is_active": true}}, {"model": "api.devis", "pk": 67, "fields": {"client": ["franþois_abanda9"], "service": 16, "description": "Devis pour DÚcoration florale mariage par franþois_abanda9", "date_demande": "2025-03-13T12:56:38.185Z", "statut": "refuse", "prix_propose": null, "date_mise_a_jour": "2025-03-13T12:56:38.185Z", "is_active": true}}, {"model": "api.devis", "pk": 68, "fields": {"client": ["isaac_djoum10"], "service": 20, "description": "Devis pour Consultation florale par isaac_djoum10", "date_demande": "2025-03-13T12:56:38.185Z", "statut": "refuse", "prix_propose": null, "date_mise_a_jour": "2025-03-13T12:56:38.185Z", "is_active": true}}, {"model": "api.devis", "pk": 69, "fields": {"client": ["michel_nkoulou11"], "service": 19, "description": "Devis pour Livraison express fleurs par michel_nkoulou11", "date_demande": "2025-03-13T12:56:38.186Z", "statut": "accepte", "prix_propose": null, "date_mise_a_jour": "2025-03-13T12:56:38.186Z", "is_active": true}}, {"model": "api.devis", "pk": 70, "fields": {"client": ["franþois_ekambi12"], "service": 16, "description": "Devis pour DÚcoration florale mariage par franþois_ekambi12", "date_demande": "2025-03-13T12:56:38.186Z", "statut": "accepte", "prix_propose": null, "date_mise_a_jour": "2025-03-13T12:56:38.186Z", "is_active": true}}, {"model": "api.devis", "pk": 71, "fields": {"client": ["jean_atangana13"], "service": 16, "description": "Devis pour DÚcoration florale mariage par jean_atangana13", "date_demande": "2025-03-13T12:56:38.186Z", "statut": "accepte", "prix_propose": null, "date_mise_a_jour": "2025-03-13T12:56:38.186Z", "is_active": true}}, {"model": "api.devis", "pk": 72, "fields": {"client": ["dorothÚe_bisseck14"], "service": 19, "description": "Devis pour Livraison express fleurs par dorothÚe_bisseck14", "date_demande": "2025-03-13T12:56:38.187Z", "statut": "accepte", "prix_propose": null, "date_mise_a_jour": "2025-03-13T12:56:38.187Z", "is_active": true}}, {"model": "api.devis", "pk": 73, "fields": {"client": ["isaac_nkoulou15"], "service": 16, "description": "Devis pour DÚcoration florale mariage par isaac_nkoulou15", "date_demande": "2025-03-13T12:56:38.187Z", "statut": "refuse", "prix_propose": null, "date_mise_a_jour": "2025-03-13T12:56:38.187Z", "is_active": true}}, {"model": "api.devis", "pk": 74, "fields": {"client": ["grace_bekolo16"], "service": 20, "description": "Devis pour Consultation florale par grace_bekolo16", "date_demande": "2025-03-13T12:56:38.187Z", "statut": "refuse", "prix_propose": null, "date_mise_a_jour": "2025-03-13T12:56:38.187Z", "is_active": true}}, {"model": "api.devis", "pk": 75, "fields": {"client": ["isaac_mbah17"], "service": 18, "description": "Devis pour Entretien de jardins par isaac_mbah17", "date_demande": "2025-03-13T12:56:38.187Z", "statut": "en_attente", "prix_propose": null, "date_mise_a_jour": "2025-03-13T12:56:38.188Z", "is_active": true}}, {"model": "api.devis", "pk": 76, "fields": {"client": ["esther_atangana18"], "service": 19, "description": "Devis pour Livraison express fleurs par esther_atangana18", "date_demande": "2025-03-13T12:56:38.188Z", "statut": "en_attente", "prix_propose": null, "date_mise_a_jour": "2025-03-13T12:56:38.188Z", "is_active": true}}, {"model": "api.realisation", "pk": 16, "fields": {"service": 17, "titre": "Mariage Ó YaoundÚ", "description": "DÚcoration florale pour 200 invitÚs", "date": "2024-01-20T00:00:00Z", "admin": ["admin_chezflora"], "is_active": true, "date_creation": "2025-03-13T12:56:38.168Z"}}, {"model": "api.realisation", "pk": 17, "fields": {"service": 17, "titre": "Couronne funÚraire Douala", "description": "Couronne ÚlÚgante pour cÚrÚmonie", "date": "2024-02-15T00:00:00Z", "admin": ["admin_chezflora"], "is_active": true, "date_creation": "2025-03-13T12:56:38.172Z"}}, {"model": "api.realisation", "pk": 18, "fields": {"service": 18, "titre": "Jardin BamilÚkÚ", "description": "Entretien dÆun jardin floral Ó Dschang", "date": "2024-03-10T00:00:00Z", "admin": ["admin_chezflora"], "is_active": true, "date_creation": "2025-03-13T12:56:38.175Z"}}, {"model": "api.realisation", "pk": 19, "fields": {"service": 16, "titre": "Livraison Kribi", "description": "Bouquet livrÚ pour anniversaire", "date": "2024-04-05T00:00:00Z", "admin": ["admin_chezflora"], "is_active": true, "date_creation": "2025-03-13T12:56:38.178Z"}}, {"model": "api.realisation", "pk": 20, "fields": {"service": 18, "titre": "Bouquet sur mesure", "description": "Composition pour fÛte Ó Bamenda", "date": "2024-05-01T00:00:00Z", "admin": ["admin_chezflora"], "is_active": true, "date_creation": "2025-03-13T12:56:38.180Z"}}, {"model": "api.abonnement", "pk": 43, "fields": {"client": ["dorothÚe_ndongo0"], "type": "annuel", "date_debut": "2025-02-17T12:56:38.188Z", "date_fin": "2026-03-13T12:56:38.188Z", "prix": "432000.00", "is_active": true, "date_creation": "2025-03-13T12:56:38.188Z", "date_mise_a_jour": "2025-03-13T12:56:38.188Z", "prochaine_livraison": "2025-03-15T12:56:38.188Z", "produits": [103, 104]}}, {"model": "api.abonnement", "pk": 44, "fields": {"client": ["madeleine_kemajou1"], "type": "hebdomadaire", "date_debut": "2025-03-01T12:56:38.190Z", "date_fin": null, "prix": "100000.00", "is_active": true, "date_creation": "2025-03-13T12:56:38.190Z", "date_mise_a_jour": "2025-03-13T12:56:38.190Z", "prochaine_livraison": "2025-03-16T12:56:38.190Z", "produits": [96]}}, {"model": "api.abonnement", "pk": 45, "fields": {"client": ["madeleine_tchami2"], "type": "annuel", "date_debut": "2025-03-09T12:56:38.190Z", "date_fin": "2026-03-13T12:56:38.190Z", "prix": "64800.00", "is_active": true, "date_creation": "2025-03-13T12:56:38.190Z", "date_mise_a_jour": "2025-03-13T12:56:38.190Z", "prochaine_livraison": "2025-03-26T12:56:38.190Z", "produits": [93, 99]}}, {"model": "api.abonnement", "pk": 46, "fields": {"client": ["pierre_fotso3"], "type": "hebdomadaire", "date_debut": "2025-03-05T12:56:38.190Z", "date_fin": null, "prix": "124000.00", "is_active": true, "date_creation": "2025-03-13T12:56:38.190Z", "date_mise_a_jour": "2025-03-13T12:56:38.190Z", "prochaine_livraison": "2025-04-01T12:56:38.190Z", "produits": [93, 104]}}, {"model": "api.abonnement", "pk": 47, "fields": {"client": ["patrick_ngu4"], "type": "mensuel", "date_debut": "2025-02-27T12:56:38.190Z", "date_fin": null, "prix": "1500.00", "is_active": true, "date_creation": "2025-03-13T12:56:38.190Z", "date_mise_a_jour": "2025-03-13T12:56:38.190Z", "prochaine_livraison": "2025-03-25T12:56:38.190Z", "produits": [91]}}, {"model": "api.abonnement", "pk": 48, "fields": {"client": ["franþois_manga5"], "type": "mensuel", "date_debut": "2025-02-09T12:56:38.190Z", "date_fin": null, "prix": "46000.00", "is_active": true, "date_creation": "2025-03-13T12:56:38.190Z", "date_mise_a_jour": "2025-03-13T12:56:38.190Z", "prochaine_livraison": "2025-03-23T12:56:38.190Z", "produits": [94, 96, 102]}}, {"model": "api.abonnement", "pk": 49, "fields": {"client": ["pierre_mbarga6"], "type": "hebdomadaire", "date_debut": "2025-01-19T12:56:38.190Z", "date_fin": null, "prix": "260000.00", "is_active": true, "date_creation": "2025-03-13T12:56:38.190Z", "date_mise_a_jour": "2025-03-13T12:56:38.190Z", "prochaine_livraison": "2025-03-19T12:56:38.190Z", "produits": [100, 104, 105]}}, {"model": "api.abonnement", "pk": 50, "fields": {"client": ["esther_njoya7"], "type": "annuel", "date_debut": "2025-01-16T12:56:38.190Z", "date_fin": "2026-03-13T12:56:38.190Z", "prix": "170640.00", "is_active": true, "date_creation": "2025-03-13T12:56:38.190Z", "date_mise_a_jour": "2025-03-13T12:56:38.190Z", "prochaine_livraison": "2025-04-01T12:56:38.190Z", "produits": [101, 105]}}, {"model": "api.abonnement", "pk": 51, "fields": {"client": ["grace_njoya8"], "type": "annuel", "date_debut": "2025-03-01T12:56:38.190Z", "date_fin": "2026-03-13T12:56:38.190Z", "prix": "448200.00", "is_active": true, "date_creation": "2025-03-13T12:56:38.190Z", "date_mise_a_jour": "2025-03-13T12:56:38.190Z", "prochaine_livraison": "2025-03-28T12:56:38.190Z", "produits": [91, 103, 104]}}, {"model": "api.abonnement", "pk": 52, "fields": {"client": ["franþois_abanda9"], "type": "annuel", "date_debut": "2025-01-31T12:56:38.190Z", "date_fin": "2026-03-13T12:56:38.190Z", "prix": "194400.00", "is_active": true, "date_creation": "2025-03-13T12:56:38.190Z", "date_mise_a_jour": "2025-03-13T12:56:38.190Z", "prochaine_livraison": "2025-03-19T12:56:38.190Z", "produits": [94, 98]}}, {"model": "api.abonnement", "pk": 53, "fields": {"client": ["isaac_djoum10"], "type": "annuel", "date_debut": "2025-01-13T12:56:38.190Z", "date_fin": "2026-03-13T12:56:38.190Z", "prix": "572400.00", "is_active": true, "date_creation": "2025-03-13T12:56:38.190Z", "date_mise_a_jour": "2025-03-13T12:56:38.190Z", "prochaine_livraison": "2025-03-21T12:56:38.190Z", "produits": [97, 102]}}, {"model": "api.abonnement", "pk": 54, "fields": {"client": ["michel_nkoulou11"], "type": "mensuel", "date_debut": "2025-02-27T12:56:38.190Z", "date_fin": null, "prix": "25000.00", "is_active": true, "date_creation": "2025-03-13T12:56:38.190Z", "date_mise_a_jour": "2025-03-13T12:56:38.190Z", "prochaine_livraison": "2025-03-28T12:56:38.190Z", "produits": [96]}}, {"model": "api.abonnement", "pk": 55, "fields": {"client": ["franþois_ekambi12"], "type": "annuel", "date_debut": "2025-02-23T12:56:38.190Z", "date_fin": "2026-03-13T12:56:38.190Z", "prix": "45360.00", "is_active": true, "date_creation": "2025-03-13T12:56:38.190Z", "date_mise_a_jour": "2025-03-13T12:56:38.190Z", "prochaine_livraison": "2025-04-01T12:56:38.190Z", "produits": [94, 95]}}, {"model": "api.abonnement", "pk": 56, "fields": {"client": ["jean_atangana13"], "type": "annuel", "date_debut": "2025-01-31T12:56:38.205Z", "date_fin": "2026-03-13T12:56:38.205Z", "prix": "186840.00", "is_active": true, "date_creation": "2025-03-13T12:56:38.205Z", "date_mise_a_jour": "2025-03-13T12:56:38.205Z", "prochaine_livraison": "2025-04-11T12:56:38.205Z", "produits": [91, 98, 101]}}, {"model": "api.participant", "pk": 1, "fields": {"atelier": 2, "utilisateur": ["rose_ondoa46"], "date_inscription": "2025-03-13T12:56:38.207Z", "statut": "inscrit"}}, {"model": "api.participant", "pk": 2, "fields": {"atelier": 2, "utilisateur": ["esther_nguele21"], "date_inscription": "2025-03-13T12:56:38.211Z", "statut": "inscrit"}}, {"model": "api.participant", "pk": 3, "fields": {"atelier": 2, "utilisateur": ["esther_njoya7"], "date_inscription": "2025-03-13T12:56:38.211Z", "statut": "inscrit"}}, {"model": "api.participant", "pk": 4, "fields": {"atelier": 2, "utilisateur": ["christine_tchoupo34"], "date_inscription": "2025-03-13T12:56:38.211Z", "statut": "inscrit"}}, {"model": "api.participant", "pk": 5, "fields": {"atelier": 2, "utilisateur": ["dorothÚe_ndongo0"], "date_inscription": "2025-03-13T12:56:38.211Z", "statut": "inscrit"}}, {"model": "api.participant", "pk": 6, "fields": {"atelier": 2, "utilisateur": ["pierre_bisseck41"], "date_inscription": "2025-03-13T12:56:38.211Z", "statut": "inscrit"}}, {"model": "api.participant", "pk": 7, "fields": {"atelier": 3, "utilisateur": ["grace_atangana47"], "date_inscription": "2025-03-13T12:56:38.211Z", "statut": "inscrit"}}, {"model": "api.participant", "pk": 8, "fields": {"atelier": 3, "utilisateur": ["franþois_ekambi12"], "date_inscription": "2025-03-13T12:56:38.211Z", "statut": "inscrit"}}, {"model": "api.participant", "pk": 9, "fields": {"atelier": 3, "utilisateur": ["esther_essomba42"], "date_inscription": "2025-03-13T12:56:38.211Z", "statut": "inscrit"}}, {"model": "api.participant", "pk": 10, "fields": {"atelier": 3, "utilisateur": ["esther_ndzie33"], "date_inscription": "2025-03-13T12:56:38.211Z", "statut": "inscrit"}}, {"model": "api.participant", "pk": 11, "fields": {"atelier": 3, "utilisateur": ["clÚment_ngono25"], "date_inscription": "2025-03-13T12:56:38.211Z", "statut": "inscrit"}}, {"model": "api.participant", "pk": 12, "fields": {"atelier": 4, "utilisateur": ["esther_ndzie33"], "date_inscription": "2025-03-13T12:56:38.211Z", "statut": "inscrit"}}, {"model": "api.participant", "pk": 13, "fields": {"atelier": 4, "utilisateur": ["christine_essomba31"], "date_inscription": "2025-03-13T12:56:38.211Z", "statut": "inscrit"}}, {"model": "api.participant", "pk": 14, "fields": {"atelier": 4, "utilisateur": ["isaac_nguele35"], "date_inscription": "2025-03-13T12:56:38.211Z", "statut": "inscrit"}}, {"model": "api.participant", "pk": 15, "fields": {"atelier": 5, "utilisateur": ["franþois_ekambi12"], "date_inscription": "2025-03-13T12:56:38.211Z", "statut": "inscrit"}}, {"model": "api.participant", "pk": 16, "fields": {"atelier": 5, "utilisateur": ["grace_ekambi44"], "date_inscription": "2025-03-13T12:56:38.211Z", "statut": "inscrit"}}, {"model": "api.participant", "pk": 17, "fields": {"atelier": 5, "utilisateur": ["esther_ndzie33"], "date_inscription": "2025-03-13T12:56:38.221Z", "statut": "inscrit"}}, {"model": "api.participant", "pk": 18, "fields": {"atelier": 5, "utilisateur": ["franþois_abanda9"], "date_inscription": "2025-03-13T12:56:38.222Z", "statut": "inscrit"}}, {"model": "api.participant", "pk": 19, "fields": {"atelier": 5, "utilisateur": ["pierre_fotso3"], "date_inscription": "2025-03-13T12:56:38.222Z", "statut": "inscrit"}}, {"model": "api.participant", "pk": 20, "fields": {"atelier": 6, "utilisateur": ["thomas_tchami20"], "date_inscription": "2025-03-13T12:56:38.225Z", "statut": "inscrit"}}, {"model": "api.participant", "pk": 21, "fields": {"atelier": 6, "utilisateur": ["grace_talla49"], "date_inscription": "2025-03-13T12:56:38.226Z", "statut": "inscrit"}}, {"model": "api.participant", "pk": 22, "fields": {"atelier": 6, "utilisateur": ["anne_mbodj23"], "date_inscription": "2025-03-13T12:56:38.226Z", "statut": "inscrit"}}, {"model": "api.participant", "pk": 23, "fields": {"atelier": 6, "utilisateur": ["isaac_nguele35"], "date_inscription": "2025-03-13T12:56:38.227Z", "statut": "inscrit"}}, {"model": "api.participant", "pk": 24, "fields": {"atelier": 6, "utilisateur": ["david_ndongo43"], "date_inscription": "2025-03-13T12:56:38.227Z", "statut": "inscrit"}}, {"model": "api.article", "pk": 1, "fields": {"titre": "Les fleurs du Cameroun", "contenu": "DÚcouvrez les espÞces locales", "cover": "article_covers/article_les_fleurs_du_cameroun.jpg", "auteur": ["admin_chezflora"], "date_publication": "2025-03-13T12:56:38.230Z", "is_active": true, "date_mise_a_jour": "2025-03-13T12:56:38.230Z", "photos": []}}, {"model": "api.article", "pk": 2, "fields": {"titre": "Comment entretenir vos roses", "contenu": "Guide pratique pour dÚbutants", "cover": "article_covers/article_comment_entretenir_vos_roses.jpg", "auteur": ["admin_chezflora"], "date_publication": "2025-03-13T12:56:38.230Z", "is_active": true, "date_mise_a_jour": "2025-03-13T12:56:38.230Z", "photos": []}}, {"model": "api.article", "pk": 3, "fields": {"titre": "Fleurs pour mariages", "contenu": "IdÚes de dÚcoration florale", "cover": "article_covers/article_fleurs_pour_mariages.jpg", "auteur": ["admin_chezflora"], "date_publication": "2025-03-13T12:56:38.230Z", "is_active": true, "date_mise_a_jour": "2025-03-13T12:56:38.230Z", "photos": []}}, {"model": "api.article", "pk": 4, "fields": {"titre": "LÆhibiscus en dÚcoration", "contenu": "Utilisations et bienfaits", "cover": "article_covers/article_lhibiscus_en_dÚcoration.jpg", "auteur": ["admin_chezflora"], "date_publication": "2025-03-13T12:56:38.239Z", "is_active": true, "date_mise_a_jour": "2025-03-13T12:56:38.239Z", "photos": []}}, {"model": "api.article", "pk": 5, "fields": {"titre": "OrchidÚes de Buea", "contenu": "Secrets de culture.", "cover": "article_covers/article_orchidÚes_de_buea.jpg", "auteur": ["admin_chezflora"], "date_publication": "2025-03-13T12:56:38.241Z", "is_active": true, "date_mise_a_jour": "2025-03-21T13:24:52.387Z", "photos": []}}, {"model": "api.commentaire", "pk": 1, "fields": {"article": 2, "client": ["franþois_manga5"], "texte": "TrÞs utile, merci !", "date": "2025-03-13T12:56:38.241Z", "parent": null, "is_active": true}}, {"model": "api.commentaire", "pk": 2, "fields": {"article": 1, "client": ["rose_ondoa46"], "texte": "JÆadore les orchidÚes, super article.", "date": "2025-03-13T12:56:38.243Z", "parent": null, "is_active": true}}, {"model": "api.commentaire", "pk": 3, "fields": {"article": 5, "client": ["grace_njoya8"], "texte": "IdÚes parfaites pour mon mariage !", "date": "2025-03-13T12:56:38.244Z", "parent": null, "is_active": true}}, {"model": "api.commentaire", "pk": 4, "fields": {"article": 2, "client": ["grace_bekolo16"], "texte": "LÆhibiscus est magnifique.", "date": "2025-03-13T12:56:38.245Z", "parent": null, "is_active": true}}, {"model": "api.commentaire", "pk": 5, "fields": {"article": 2, "client": ["isaac_ngu40"], "texte": "Merci pour les astuces.", "date": "2025-03-13T12:56:38.245Z", "parent": null, "is_active": true}}, {"model": "api.adresse", "pk": 301, "fields": {"client": ["dorothÚe_ndongo0"], "nom": "Domicile dorothÚe_ndongo0", "rue": "5 Rue Essomba", "ville": "NgaoundÚrÚ", "code_postal": "8953", "pays": "Cameroun", "is_default": true, "date_creation": "2025-03-13T12:56:37.855Z"}}, {"model": "api.adresse", "pk": 302, "fields": {"client": ["madeleine_kemajou1"], "nom": "Domicile madeleine_kemajou1", "rue": "159 Rue EtoÆo", "ville": "Limbe", "code_postal": "3520", "pays": "Cameroun", "is_default": true, "date_creation": "2025-03-13T12:56:37.855Z"}}, {"model": "api.adresse", "pk": 303, "fields": {"client": ["madeleine_tchami2"], "nom": "Domicile madeleine_tchami2", "rue": "223 Rue Djoum", "ville": "Bertoua", "code_postal": "2539", "pays": "Cameroun", "is_default": true, "date_creation": "2025-03-13T12:56:37.855Z"}}, {"model": "api.adresse", "pk": 304, "fields": {"client": ["pierre_fotso3"], "nom": "Domicile pierre_fotso3", "rue": "99 Rue Djoum", "ville": "Kribi", "code_postal": "2348", "pays": "Cameroun", "is_default": true, "date_creation": "2025-03-13T12:56:37.855Z"}}, {"model": "api.adresse", "pk": 305, "fields": {"client": ["patrick_ngu4"], "nom": "Domicile patrick_ngu4", "rue": "500 Rue Moukoko", "ville": "Buea", "code_postal": "1452", "pays": "Cameroun", "is_default": true, "date_creation": "2025-03-13T12:56:37.855Z"}}, {"model": "api.adresse", "pk": 306, "fields": {"client": ["franþois_manga5"], "nom": "Domicile franþois_manga5", "rue": "471 Rue Manga", "ville": "Tiko", "code_postal": "3538", "pays": "Cameroun", "is_default": true, "date_creation": "2025-03-13T12:56:37.855Z"}}, {"model": "api.adresse", "pk": 307, "fields": {"client": ["pierre_mbarga6"], "nom": "Domicile pierre_mbarga6", "rue": "152 Rue Biya", "ville": "EdÚa", "code_postal": "8972", "pays": "Cameroun", "is_default": true, "date_creation": "2025-03-13T12:56:37.855Z"}}, {"model": "api.adresse", "pk": 308, "fields": {"client": ["esther_njoya7"], "nom": "Domicile esther_njoya7", "rue": "17 Rue Fongang", "ville": "Buea", "code_postal": "4923", "pays": "Cameroun", "is_default": true, "date_creation": "2025-03-13T12:56:37.855Z"}}, {"model": "api.adresse", "pk": 309, "fields": {"client": ["grace_njoya8"], "nom": "Domicile grace_njoya8", "rue": "336 Rue Essomba", "ville": "Douala", "code_postal": "9131", "pays": "Cameroun", "is_default": true, "date_creation": "2025-03-13T12:56:37.855Z"}}, {"model": "api.adresse", "pk": 310, "fields": {"client": ["franþois_abanda9"], "nom": "Domicile franþois_abanda9", "rue": "343 Rue Essomba", "ville": "Garoua", "code_postal": "4826", "pays": "Cameroun", "is_default": true, "date_creation": "2025-03-13T12:56:37.855Z"}}, {"model": "api.adresse", "pk": 311, "fields": {"client": ["isaac_djoum10"], "nom": "Domicile isaac_djoum10", "rue": "43 Rue Njoya", "ville": "Mbalmayo", "code_postal": "9019", "pays": "Cameroun", "is_default": true, "date_creation": "2025-03-13T12:56:37.855Z"}}, {"model": "api.adresse", "pk": 312, "fields": {"client": ["michel_nkoulou11"], "nom": "Domicile michel_nkoulou11", "rue": "94 Rue Mbodj", "ville": "Dschang", "code_postal": "5647", "pays": "Cameroun", "is_default": true, "date_creation": "2025-03-13T12:56:37.855Z"}}, {"model": "api.adresse", "pk": 313, "fields": {"client": ["franþois_ekambi12"], "nom": "Domicile franþois_ekambi12", "rue": "484 Rue Tchoupo", "ville": "Buea", "code_postal": "3851", "pays": "Cameroun", "is_default": true, "date_creation": "2025-03-13T12:56:37.855Z"}}, {"model": "api.adresse", "pk": 314, "fields": {"client": ["jean_atangana13"], "nom": "Domicile jean_atangana13", "rue": "390 Rue EtoÆo", "ville": "Bafoussam", "code_postal": "7449", "pays": "Cameroun", "is_default": true, "date_creation": "2025-03-13T12:56:37.855Z"}}, {"model": "api.adresse", "pk": 315, "fields": {"client": ["dorothÚe_bisseck14"], "nom": "Domicile dorothÚe_bisseck14", "rue": "168 Rue Ndzie", "ville": "Buea", "code_postal": "4482", "pays": "Cameroun", "is_default": true, "date_creation": "2025-03-13T12:56:37.855Z"}}, {"model": "api.adresse", "pk": 316, "fields": {"client": ["isaac_nkoulou15"], "nom": "Domicile isaac_nkoulou15", "rue": "98 Rue Mbarga", "ville": "EdÚa", "code_postal": "8853", "pays": "Cameroun", "is_default": true, "date_creation": "2025-03-13T12:56:37.855Z"}}, {"model": "api.adresse", "pk": 317, "fields": {"client": ["grace_bekolo16"], "nom": "Domicile grace_bekolo16", "rue": "131 Rue Tchoupo", "ville": "Garoua", "code_postal": "8646", "pays": "Cameroun", "is_default": true, "date_creation": "2025-03-13T12:56:37.855Z"}}, {"model": "api.adresse", "pk": 318, "fields": {"client": ["isaac_mbah17"], "nom": "Domicile isaac_mbah17", "rue": "275 Rue Biya", "ville": "Ebolowa", "code_postal": "7510", "pays": "Cameroun", "is_default": true, "date_creation": "2025-03-13T12:56:37.855Z"}}, {"model": "api.adresse", "pk": 319, "fields": {"client": ["esther_atangana18"], "nom": "Domicile esther_atangana18", "rue": "219 Rue Bisseck", "ville": "Nkongsamba", "code_postal": "8653", "pays": "Cameroun", "is_default": true, "date_creation": "2025-03-13T12:56:37.855Z"}}, {"model": "api.adresse", "pk": 320, "fields": {"client": ["madeleine_mbodj19"], "nom": "Domicile madeleine_mbodj19", "rue": "479 Rue Zambo", "ville": "Bafoussam", "code_postal": "4622", "pays": "Cameroun", "is_default": true, "date_creation": "2025-03-13T12:56:37.855Z"}}, {"model": "api.adresse", "pk": 321, "fields": {"client": ["thomas_tchami20"], "nom": "Domicile thomas_tchami20", "rue": "368 Rue Tchami", "ville": "Dschang", "code_postal": "2214", "pays": "Cameroun", "is_default": true, "date_creation": "2025-03-13T12:56:37.855Z"}}, {"model": "api.adresse", "pk": 322, "fields": {"client": ["esther_nguele21"], "nom": "Domicile esther_nguele21", "rue": "222 Rue Bisseck", "ville": "Bertoua", "code_postal": "1595", "pays": "Cameroun", "is_default": true, "date_creation": "2025-03-13T12:56:37.855Z"}}, {"model": "api.adresse", "pk": 323, "fields": {"client": ["paul_nguele22"], "nom": "Domicile paul_nguele22", "rue": "314 Rue Ekambi", "ville": "Kribi", "code_postal": "5033", "pays": "Cameroun", "is_default": true, "date_creation": "2025-03-13T12:56:37.855Z"}}, {"model": "api.adresse", "pk": 324, "fields": {"client": ["anne_mbodj23"], "nom": "Domicile anne_mbodj23", "rue": "156 Rue Ekambi", "ville": "Maroua", "code_postal": "9871", "pays": "Cameroun", "is_default": true, "date_creation": "2025-03-13T12:56:37.855Z"}}, {"model": "api.adresse", "pk": 325, "fields": {"client": ["pierre_biya24"], "nom": "Domicile pierre_biya24", "rue": "425 Rue Ngono", "ville": "EdÚa", "code_postal": "6135", "pays": "Cameroun", "is_default": true, "date_creation": "2025-03-13T12:56:37.870Z"}}, {"model": "api.adresse", "pk": 326, "fields": {"client": ["clÚment_ngono25"], "nom": "Domicile clÚment_ngono25", "rue": "205 Rue Essomba", "ville": "Buea", "code_postal": "2392", "pays": "Cameroun", "is_default": true, "date_creation": "2025-03-13T12:56:37.870Z"}}, {"model": "api.adresse", "pk": 327, "fields": {"client": ["julie_njoya26"], "nom": "Domicile julie_njoya26", "rue": "466 Rue Mbarga", "ville": "Bafoussam", "code_postal": "7009", "pays": "Cameroun", "is_default": true, "date_creation": "2025-03-13T12:56:37.872Z"}}, {"model": "api.adresse", "pk": 328, "fields": {"client": ["martine_ondoa27"], "nom": "Domicile martine_ondoa27", "rue": "289 Rue Nguele", "ville": "Limbe", "code_postal": "9687", "pays": "Cameroun", "is_default": true, "date_creation": "2025-03-13T12:56:37.872Z"}}, {"model": "api.adresse", "pk": 329, "fields": {"client": ["anne_djoum28"], "nom": "Domicile anne_djoum28", "rue": "279 Rue Ndongo", "ville": "SangmÚlima", "code_postal": "3037", "pays": "Cameroun", "is_default": true, "date_creation": "2025-03-13T12:56:37.872Z"}}, {"model": "api.adresse", "pk": 330, "fields": {"client": ["martine_ondoa29"], "nom": "Domicile martine_ondoa29", "rue": "334 Rue Simo", "ville": "Kribi", "code_postal": "7493", "pays": "Cameroun", "is_default": true, "date_creation": "2025-03-13T12:56:37.872Z"}}, {"model": "api.adresse", "pk": 331, "fields": {"client": ["esther_bisseck30"], "nom": "Domicile esther_bisseck30", "rue": "57 Rue Ondoa", "ville": "Ebolowa", "code_postal": "8975", "pays": "Cameroun", "is_default": true, "date_creation": "2025-03-13T12:56:37.872Z"}}, {"model": "api.adresse", "pk": 332, "fields": {"client": ["christine_essomba31"], "nom": "Domicile christine_essomba31", "rue": "405 Rue Fotso", "ville": "NgaoundÚrÚ", "code_postal": "4095", "pays": "Cameroun", "is_default": true, "date_creation": "2025-03-13T12:56:37.872Z"}}, {"model": "api.adresse", "pk": 333, "fields": {"client": ["franþois_tchami32"], "nom": "Domicile franþois_tchami32", "rue": "45 Rue Ngu", "ville": "SangmÚlima", "code_postal": "4851", "pays": "Cameroun", "is_default": true, "date_creation": "2025-03-13T12:56:37.873Z"}}, {"model": "api.adresse", "pk": 334, "fields": {"client": ["esther_ndzie33"], "nom": "Domicile esther_ndzie33", "rue": "101 Rue Ngono", "ville": "Ebolowa", "code_postal": "3415", "pays": "Cameroun", "is_default": true, "date_creation": "2025-03-13T12:56:37.873Z"}}, {"model": "api.adresse", "pk": 335, "fields": {"client": ["christine_tchoupo34"], "nom": "Domicile christine_tchoupo34", "rue": "154 Rue EtoÆo", "ville": "EdÚa", "code_postal": "1869", "pays": "Cameroun", "is_default": true, "date_creation": "2025-03-13T12:56:37.874Z"}}, {"model": "api.adresse", "pk": 336, "fields": {"client": ["isaac_nguele35"], "nom": "Domicile isaac_nguele35", "rue": "162 Rue Ndongo", "ville": "Kumba", "code_postal": "2402", "pays": "Cameroun", "is_default": true, "date_creation": "2025-03-13T12:56:37.875Z"}}, {"model": "api.adresse", "pk": 337, "fields": {"client": ["patrick_zambo36"], "nom": "Domicile patrick_zambo36", "rue": "44 Rue Moukoko", "ville": "Limbe", "code_postal": "9385", "pays": "Cameroun", "is_default": true, "date_creation": "2025-03-13T12:56:37.875Z"}}, {"model": "api.adresse", "pk": 338, "fields": {"client": ["andrÚ_manga37"], "nom": "Domicile andrÚ_manga37", "rue": "307 Rue Manga", "ville": "Mbalmayo", "code_postal": "1675", "pays": "Cameroun", "is_default": true, "date_creation": "2025-03-13T12:56:37.875Z"}}, {"model": "api.adresse", "pk": 339, "fields": {"client": ["clÚment_fotso38"], "nom": "Domicile clÚment_fotso38", "rue": "29 Rue Biya", "ville": "Nkongsamba", "code_postal": "9187", "pays": "Cameroun", "is_default": true, "date_creation": "2025-03-13T12:56:37.876Z"}}, {"model": "api.adresse", "pk": 340, "fields": {"client": ["esther_fotso39"], "nom": "Domicile esther_fotso39", "rue": "389 Rue Mbodj", "ville": "Buea", "code_postal": "9768", "pays": "Cameroun", "is_default": true, "date_creation": "2025-03-13T12:56:37.876Z"}}, {"model": "api.adresse", "pk": 341, "fields": {"client": ["isaac_ngu40"], "nom": "Domicile isaac_ngu40", "rue": "25 Rue Zambo", "ville": "Kumba", "code_postal": "6730", "pays": "Cameroun", "is_default": true, "date_creation": "2025-03-13T12:56:37.876Z"}}, {"model": "api.adresse", "pk": 342, "fields": {"client": ["pierre_bisseck41"], "nom": "Domicile pierre_bisseck41", "rue": "40 Rue Ngu", "ville": "Garoua", "code_postal": "6119", "pays": "Cameroun", "is_default": true, "date_creation": "2025-03-13T12:56:37.877Z"}}, {"model": "api.adresse", "pk": 343, "fields": {"client": ["esther_essomba42"], "nom": "Domicile esther_essomba42", "rue": "295 Rue Essomba", "ville": "NgaoundÚrÚ", "code_postal": "9796", "pays": "Cameroun", "is_default": true, "date_creation": "2025-03-13T12:56:37.877Z"}}, {"model": "api.adresse", "pk": 344, "fields": {"client": ["david_ndongo43"], "nom": "Domicile david_ndongo43", "rue": "163 Rue Moukoko", "ville": "Nkongsamba", "code_postal": "2427", "pays": "Cameroun", "is_default": true, "date_creation": "2025-03-13T12:56:37.877Z"}}, {"model": "api.adresse", "pk": 345, "fields": {"client": ["grace_ekambi44"], "nom": "Domicile grace_ekambi44", "rue": "133 Rue Nguele", "ville": "NgaoundÚrÚ", "code_postal": "8600", "pays": "Cameroun", "is_default": true, "date_creation": "2025-03-13T12:56:37.878Z"}}, {"model": "api.adresse", "pk": 346, "fields": {"client": ["brigitte_ndzie45"], "nom": "Domicile brigitte_ndzie45", "rue": "273 Rue Abanda", "ville": "Bertoua", "code_postal": "1510", "pays": "Cameroun", "is_default": true, "date_creation": "2025-03-13T12:56:37.878Z"}}, {"model": "api.adresse", "pk": 347, "fields": {"client": ["rose_ondoa46"], "nom": "Domicile rose_ondoa46", "rue": "498 Rue Nguele", "ville": "Foumban", "code_postal": "2919", "pays": "Cameroun", "is_default": true, "date_creation": "2025-03-13T12:56:37.878Z"}}, {"model": "api.adresse", "pk": 348, "fields": {"client": ["grace_atangana47"], "nom": "Domicile grace_atangana47", "rue": "366 Rue Ngono", "ville": "Foumban", "code_postal": "3058", "pays": "Cameroun", "is_default": true, "date_creation": "2025-03-13T12:56:37.878Z"}}, {"model": "api.adresse", "pk": 349, "fields": {"client": ["brigitte_tchoupo48"], "nom": "Domicile brigitte_tchoupo48", "rue": "233 Rue Simo", "ville": "Kumba", "code_postal": "6006", "pays": "Cameroun", "is_default": true, "date_creation": "2025-03-13T12:56:37.878Z"}}, {"model": "api.adresse", "pk": 350, "fields": {"client": ["grace_talla49"], "nom": "Domicile grace_talla49", "rue": "416 Rue Simo", "ville": "Kumba", "code_postal": "4227", "pays": "Cameroun", "is_default": true, "date_creation": "2025-03-13T12:56:37.878Z"}}, {"model": "api.adresse", "pk": 351, "fields": {"client": ["NoxTheTheenager"], "nom": "Nguetsa Stephane", "rue": "6117", "ville": "YaoundÚ", "code_postal": "99322", "pays": "Cameroun", "is_default": false, "date_creation": "2025-03-19T16:05:57.461Z"}}, {"model": "api.commande", "pk": 118, "fields": {"client": ["dorothÚe_ndongo0"], "date": "2025-03-13T12:56:37.991Z", "statut": "en_attente", "total": "33000.00", "date_mise_a_jour": "2025-03-13T12:56:38.004Z", "is_active": true, "adresse": 338}}, {"model": "api.commande", "pk": 119, "fields": {"client": ["madeleine_kemajou1"], "date": "2025-03-13T12:56:38.005Z", "statut": "en_cours", "total": "85000.00", "date_mise_a_jour": "2025-03-13T12:56:38.005Z", "is_active": true, "adresse": 344}}, {"model": "api.commande", "pk": 120, "fields": {"client": ["madeleine_tchami2"], "date": "2025-03-13T12:56:38.005Z", "statut": "annulee", "total": "74000.00", "date_mise_a_jour": "2025-03-13T12:56:38.005Z", "is_active": true, "adresse": 337}}, {"model": "api.commande", "pk": 121, "fields": {"client": ["pierre_fotso3"], "date": "2025-03-13T12:56:38.005Z", "statut": "annulee", "total": "36000.00", "date_mise_a_jour": "2025-03-13T12:56:38.005Z", "is_active": true, "adresse": 337}}, {"model": "api.commande", "pk": 122, "fields": {"client": ["patrick_ngu4"], "date": "2025-03-13T12:56:38.005Z", "statut": "livree", "total": "51000.00", "date_mise_a_jour": "2025-03-13T12:56:38.005Z", "is_active": true, "adresse": 302}}, {"model": "api.commande", "pk": 123, "fields": {"client": ["franþois_manga5"], "date": "2025-03-13T12:56:38.005Z", "statut": "livree", "total": "94800.00", "date_mise_a_jour": "2025-03-13T12:56:38.005Z", "is_active": true, "adresse": 331}}, {"model": "api.commande", "pk": 124, "fields": {"client": ["pierre_mbarga6"], "date": "2025-03-13T12:56:38.021Z", "statut": "livree", "total": "149800.00", "date_mise_a_jour": "2025-03-13T12:56:38.025Z", "is_active": true, "adresse": 314}}, {"model": "api.commande", "pk": 125, "fields": {"client": ["esther_njoya7"], "date": "2025-03-13T12:56:38.026Z", "statut": "en_cours", "total": "94600.00", "date_mise_a_jour": "2025-03-13T12:56:38.028Z", "is_active": true, "adresse": 312}}, {"model": "api.commande", "pk": 126, "fields": {"client": ["grace_njoya8"], "date": "2025-03-13T12:56:38.028Z", "statut": "annulee", "total": "25000.00", "date_mise_a_jour": "2025-03-13T12:56:38.028Z", "is_active": true, "adresse": 311}}, {"model": "api.commande", "pk": 127, "fields": {"client": ["franþois_abanda9"], "date": "2025-03-13T12:56:38.028Z", "statut": "expediee", "total": "286000.00", "date_mise_a_jour": "2025-03-13T12:56:38.028Z", "is_active": true, "adresse": 310}}, {"model": "api.commande", "pk": 128, "fields": {"client": ["isaac_djoum10"], "date": "2025-03-13T12:56:38.028Z", "statut": "expediee", "total": "201000.00", "date_mise_a_jour": "2025-03-13T12:56:38.039Z", "is_active": true, "adresse": 334}}, {"model": "api.commande", "pk": 129, "fields": {"client": ["michel_nkoulou11"], "date": "2025-03-13T12:56:38.040Z", "statut": "en_attente", "total": "245000.00", "date_mise_a_jour": "2025-03-13T12:56:38.040Z", "is_active": true, "adresse": 305}}, {"model": "api.commande", "pk": 130, "fields": {"client": ["franþois_ekambi12"], "date": "2025-03-13T12:56:38.040Z", "statut": "en_attente", "total": "150000.00", "date_mise_a_jour": "2025-03-13T12:56:38.040Z", "is_active": true, "adresse": 324}}, {"model": "api.commande", "pk": 131, "fields": {"client": ["jean_atangana13"], "date": "2025-03-13T12:56:38.040Z", "statut": "en_cours", "total": "63600.00", "date_mise_a_jour": "2025-03-13T12:56:38.040Z", "is_active": true, "adresse": 347}}, {"model": "api.commande", "pk": 132, "fields": {"client": ["dorothÚe_bisseck14"], "date": "2025-03-13T12:56:38.040Z", "statut": "en_attente", "total": "85200.00", "date_mise_a_jour": "2025-03-13T12:56:38.040Z", "is_active": true, "adresse": 323}}, {"model": "api.commande", "pk": 133, "fields": {"client": ["isaac_nkoulou15"], "date": "2025-03-13T12:56:38.040Z", "statut": "en_cours", "total": "103000.00", "date_mise_a_jour": "2025-03-13T12:56:38.040Z", "is_active": true, "adresse": 328}}, {"model": "api.commande", "pk": 134, "fields": {"client": ["grace_bekolo16"], "date": "2025-03-13T12:56:38.054Z", "statut": "expediee", "total": "331000.00", "date_mise_a_jour": "2025-03-13T12:56:38.055Z", "is_active": true, "adresse": 336}}, {"model": "api.commande", "pk": 135, "fields": {"client": ["isaac_mbah17"], "date": "2025-03-13T12:56:38.055Z", "statut": "expediee", "total": "99000.00", "date_mise_a_jour": "2025-03-13T12:56:38.055Z", "is_active": true, "adresse": 324}}, {"model": "api.commande", "pk": 136, "fields": {"client": ["esther_atangana18"], "date": "2025-03-13T12:56:38.055Z", "statut": "expediee", "total": "187000.00", "date_mise_a_jour": "2025-03-13T12:56:38.055Z", "is_active": true, "adresse": 304}}, {"model": "api.commande", "pk": 137, "fields": {"client": ["madeleine_mbodj19"], "date": "2025-03-13T12:56:38.055Z", "statut": "en_cours", "total": "6000.00", "date_mise_a_jour": "2025-03-13T12:56:38.055Z", "is_active": true, "adresse": 323}}, {"model": "api.commande", "pk": 138, "fields": {"client": ["thomas_tchami20"], "date": "2025-03-13T12:56:38.055Z", "statut": "en_cours", "total": "39500.00", "date_mise_a_jour": "2025-03-13T12:56:38.055Z", "is_active": true, "adresse": 333}}, {"model": "api.commande", "pk": 139, "fields": {"client": ["esther_nguele21"], "date": "2025-03-13T12:56:38.055Z", "statut": "en_cours", "total": "6000.00", "date_mise_a_jour": "2025-03-13T12:56:38.070Z", "is_active": true, "adresse": 345}}, {"model": "api.commande", "pk": 140, "fields": {"client": ["paul_nguele22"], "date": "2025-03-13T12:56:38.071Z", "statut": "en_cours", "total": "10000.00", "date_mise_a_jour": "2025-03-13T12:56:38.071Z", "is_active": true, "adresse": 318}}, {"model": "api.commande", "pk": 141, "fields": {"client": ["anne_mbodj23"], "date": "2025-03-13T12:56:38.071Z", "statut": "annulee", "total": "27200.00", "date_mise_a_jour": "2025-03-13T12:56:38.071Z", "is_active": true, "adresse": 327}}, {"model": "api.commande", "pk": 142, "fields": {"client": ["pierre_biya24"], "date": "2025-03-13T12:56:38.071Z", "statut": "expediee", "total": "51200.00", "date_mise_a_jour": "2025-03-13T12:56:38.071Z", "is_active": true, "adresse": 339}}, {"model": "api.commande", "pk": 143, "fields": {"client": ["clÚment_ngono25"], "date": "2025-03-13T12:56:38.071Z", "statut": "livree", "total": "3600.00", "date_mise_a_jour": "2025-03-13T12:56:38.071Z", "is_active": true, "adresse": 316}}, {"model": "api.commande", "pk": 144, "fields": {"client": ["julie_njoya26"], "date": "2025-03-13T12:56:38.071Z", "statut": "en_attente", "total": "35000.00", "date_mise_a_jour": "2025-03-13T12:56:38.071Z", "is_active": true, "adresse": 333}}, {"model": "api.commande", "pk": 145, "fields": {"client": ["martine_ondoa27"], "date": "2025-03-13T12:56:38.071Z", "statut": "livree", "total": "63400.00", "date_mise_a_jour": "2025-03-13T12:56:38.088Z", "is_active": true, "adresse": 342}}, {"model": "api.commande", "pk": 146, "fields": {"client": ["anne_djoum28"], "date": "2025-03-13T12:56:38.088Z", "statut": "livree", "total": "189000.00", "date_mise_a_jour": "2025-03-13T12:56:38.088Z", "is_active": true, "adresse": 313}}, {"model": "api.commande", "pk": 147, "fields": {"client": ["martine_ondoa29"], "date": "2025-03-13T12:56:38.088Z", "statut": "en_cours", "total": "2400.00", "date_mise_a_jour": "2025-03-13T12:56:38.088Z", "is_active": true, "adresse": 331}}, {"model": "api.commande", "pk": 148, "fields": {"client": ["esther_bisseck30"], "date": "2025-03-13T12:56:38.088Z", "statut": "expediee", "total": "175800.00", "date_mise_a_jour": "2025-03-13T12:56:38.088Z", "is_active": true, "adresse": 321}}, {"model": "api.commande", "pk": 149, "fields": {"client": ["christine_essomba31"], "date": "2025-03-13T12:56:38.088Z", "statut": "expediee", "total": "27000.00", "date_mise_a_jour": "2025-03-13T12:56:38.088Z", "is_active": true, "adresse": 302}}, {"model": "api.commande", "pk": 150, "fields": {"client": ["franþois_tchami32"], "date": "2025-03-13T12:56:38.088Z", "statut": "en_cours", "total": "60000.00", "date_mise_a_jour": "2025-03-13T12:56:38.088Z", "is_active": true, "adresse": 330}}, {"model": "api.commande", "pk": 151, "fields": {"client": ["esther_ndzie33"], "date": "2025-03-13T12:56:38.088Z", "statut": "expediee", "total": "11500.00", "date_mise_a_jour": "2025-03-13T12:56:38.088Z", "is_active": true, "adresse": 326}}, {"model": "api.commande", "pk": 152, "fields": {"client": ["christine_tchoupo34"], "date": "2025-03-13T12:56:38.088Z", "statut": "en_attente", "total": "310000.00", "date_mise_a_jour": "2025-03-13T12:56:38.105Z", "is_active": true, "adresse": 310}}, {"model": "api.commande", "pk": 153, "fields": {"client": ["isaac_nguele35"], "date": "2025-03-13T12:56:38.105Z", "statut": "expediee", "total": "188000.00", "date_mise_a_jour": "2025-03-13T12:56:38.105Z", "is_active": true, "adresse": 309}}, {"model": "api.commande", "pk": 154, "fields": {"client": ["patrick_zambo36"], "date": "2025-03-13T12:56:38.105Z", "statut": "expediee", "total": "134800.00", "date_mise_a_jour": "2025-03-13T12:56:38.105Z", "is_active": true, "adresse": 309}}, {"model": "api.commande", "pk": 155, "fields": {"client": ["andrÚ_manga37"], "date": "2025-03-13T12:56:38.105Z", "statut": "livree", "total": "70400.00", "date_mise_a_jour": "2025-03-13T12:56:38.105Z", "is_active": true, "adresse": 317}}, {"model": "api.commande", "pk": 156, "fields": {"client": ["clÚment_fotso38"], "date": "2025-03-13T12:56:38.105Z", "statut": "expediee", "total": "106600.00", "date_mise_a_jour": "2025-03-13T12:56:38.120Z", "is_active": true, "adresse": 322}}, {"model": "api.commande", "pk": 157, "fields": {"client": ["NoxTheTheenager"], "date": "2025-03-19T16:06:05.558Z", "statut": "en_attente_paiement", "total": "10500.00", "date_mise_a_jour": "2025-03-19T16:06:05.576Z", "is_active": true, "adresse": 351}}, {"model": "api.commande", "pk": 158, "fields": {"client": ["NoxTheTheenager"], "date": "2025-03-19T16:26:35.403Z", "statut": "en_attente_paiement", "total": "6000.00", "date_mise_a_jour": "2025-03-19T16:26:35.403Z", "is_active": true, "adresse": 351}}, {"model": "api.wishlist", "pk": 73, "fields": {"client": ["dorothÚe_ndongo0"], "date_creation": "2025-03-13T12:56:38.122Z", "date_mise_a_jour": "2025-03-13T12:56:38.122Z", "produits": [91, 92, 93, 96, 98]}}, {"model": "api.wishlist", "pk": 74, "fields": {"client": ["madeleine_kemajou1"], "date_creation": "2025-03-13T12:56:38.122Z", "date_mise_a_jour": "2025-03-13T12:56:38.122Z", "produits": [91, 103]}}, {"model": "api.wishlist", "pk": 75, "fields": {"client": ["madeleine_tchami2"], "date_creation": "2025-03-13T12:56:38.122Z", "date_mise_a_jour": "2025-03-13T12:56:38.122Z", "produits": [93, 94, 96, 99, 100, 103]}}, {"model": "api.wishlist", "pk": 76, "fields": {"client": ["pierre_fotso3"], "date_creation": "2025-03-13T12:56:38.131Z", "date_mise_a_jour": "2025-03-13T12:56:38.131Z", "produits": [91, 92, 97, 100, 104]}}, {"model": "api.wishlist", "pk": 77, "fields": {"client": ["patrick_ngu4"], "date_creation": "2025-03-13T12:56:38.131Z", "date_mise_a_jour": "2025-03-13T12:56:38.131Z", "produits": [93, 95, 99, 102, 103]}}, {"model": "api.wishlist", "pk": 78, "fields": {"client": ["franþois_manga5"], "date_creation": "2025-03-13T12:56:38.131Z", "date_mise_a_jour": "2025-03-13T12:56:38.131Z", "produits": [95, 98, 105]}}, {"model": "api.wishlist", "pk": 79, "fields": {"client": ["pierre_mbarga6"], "date_creation": "2025-03-13T12:56:38.131Z", "date_mise_a_jour": "2025-03-13T12:56:38.131Z", "produits": [92, 94, 99]}}, {"model": "api.wishlist", "pk": 80, "fields": {"client": ["esther_njoya7"], "date_creation": "2025-03-13T12:56:38.131Z", "date_mise_a_jour": "2025-03-13T12:56:38.131Z", "produits": [92, 98, 100]}}, {"model": "api.wishlist", "pk": 81, "fields": {"client": ["grace_njoya8"], "date_creation": "2025-03-13T12:56:38.138Z", "date_mise_a_jour": "2025-03-13T12:56:38.138Z", "produits": [92, 93]}}, {"model": "api.wishlist", "pk": 82, "fields": {"client": ["franþois_abanda9"], "date_creation": "2025-03-13T12:56:38.139Z", "date_mise_a_jour": "2025-03-13T12:56:38.139Z", "produits": [92, 98, 101, 104, 105]}}, {"model": "api.wishlist", "pk": 83, "fields": {"client": ["isaac_djoum10"], "date_creation": "2025-03-13T12:56:38.140Z", "date_mise_a_jour": "2025-03-13T12:56:38.140Z", "produits": [93, 95, 105]}}, {"model": "api.wishlist", "pk": 84, "fields": {"client": ["michel_nkoulou11"], "date_creation": "2025-03-13T12:56:38.141Z", "date_mise_a_jour": "2025-03-13T12:56:38.141Z", "produits": [96, 97, 101, 102, 105]}}, {"model": "api.wishlist", "pk": 85, "fields": {"client": ["franþois_ekambi12"], "date_creation": "2025-03-13T12:56:38.141Z", "date_mise_a_jour": "2025-03-13T12:56:38.141Z", "produits": [93, 96, 99, 100]}}, {"model": "api.wishlist", "pk": 86, "fields": {"client": ["jean_atangana13"], "date_creation": "2025-03-13T12:56:38.142Z", "date_mise_a_jour": "2025-03-13T12:56:38.142Z", "produits": [93, 100, 102]}}, {"model": "api.wishlist", "pk": 87, "fields": {"client": ["dorothÚe_bisseck14"], "date_creation": "2025-03-13T12:56:38.143Z", "date_mise_a_jour": "2025-03-13T12:56:38.143Z", "produits": [92, 93, 97, 98]}}, {"model": "api.wishlist", "pk": 88, "fields": {"client": ["isaac_nkoulou15"], "date_creation": "2025-03-13T12:56:38.143Z", "date_mise_a_jour": "2025-03-13T12:56:38.143Z", "produits": [93, 98, 101, 105]}}, {"model": "api.wishlist", "pk": 89, "fields": {"client": ["grace_bekolo16"], "date_creation": "2025-03-13T12:56:38.143Z", "date_mise_a_jour": "2025-03-13T12:56:38.143Z", "produits": [93, 95, 105]}}, {"model": "api.wishlist", "pk": 90, "fields": {"client": ["isaac_mbah17"], "date_creation": "2025-03-13T12:56:38.143Z", "date_mise_a_jour": "2025-03-13T12:56:38.143Z", "produits": [91, 93, 100, 101, 102]}}, {"model": "api.wishlist", "pk": 91, "fields": {"client": ["esther_atangana18"], "date_creation": "2025-03-13T12:56:38.143Z", "date_mise_a_jour": "2025-03-13T12:56:38.143Z", "produits": [92, 97, 99]}}, {"model": "api.wishlist", "pk": 92, "fields": {"client": ["madeleine_mbodj19"], "date_creation": "2025-03-13T12:56:38.143Z", "date_mise_a_jour": "2025-03-13T12:56:38.143Z", "produits": [91, 95, 97, 99, 103]}}, {"model": "api.wishlist", "pk": 93, "fields": {"client": ["thomas_tchami20"], "date_creation": "2025-03-13T12:56:38.143Z", "date_mise_a_jour": "2025-03-13T12:56:38.143Z", "produits": [91, 94, 100]}}, {"model": "api.wishlist", "pk": 94, "fields": {"client": ["esther_nguele21"], "date_creation": "2025-03-13T12:56:38.143Z", "date_mise_a_jour": "2025-03-13T12:56:38.143Z", "produits": [93, 101, 104]}}, {"model": "api.wishlist", "pk": 95, "fields": {"client": ["paul_nguele22"], "date_creation": "2025-03-13T12:56:38.143Z", "date_mise_a_jour": "2025-03-13T12:56:38.143Z", "produits": [102, 105]}}, {"model": "api.wishlist", "pk": 96, "fields": {"client": ["anne_mbodj23"], "date_creation": "2025-03-13T12:56:38.143Z", "date_mise_a_jour": "2025-03-13T12:56:38.143Z", "produits": [95, 96, 102]}}, {"model": "api.wishlist", "pk": 97, "fields": {"client": ["NoxTheTheenager"], "date_creation": "2025-03-19T15:59:19.913Z", "date_mise_a_jour": "2025-03-19T15:59:19.913Z", "produits": [91]}}, {"model": "api.wishlist", "pk": 98, "fields": {"client": ["admin_chezflora"], "date_creation": "2025-03-21T13:25:59.899Z", "date_mise_a_jour": "2025-03-21T13:25:59.899Z", "produits": []}}]
